M539,留仙洞地铁站
M303,尚景地铁站
高峰专线119,岗厦北地铁站①
M239,丹竹头地铁站
M429,西丽社区①(往南)
M589,木古地铁站
M198,平吉大道辅岐路口
28,岗边村①
高峰专向8,坪山电子城①
M131,坪洲地铁站
M398,翰岭地铁站
M102,岗厦村
M360,阳光天健城
34,莲花中学
337,岗边村①
621,坂田石化新村
M378,灵芝公园北
317,新洲村
M463,红岭南路1
108,东海实验小学
高峰专线119,群星广场始发站1
M317,摩尔城
226,西丽社区②(往北)
莞深001线,松岗地铁站
N08,西丽社区②(往南)
M589,黄阁坑地铁站
22,南山村
37,南山书城地铁站②
P207,通新岭地铁站
M190,岗厦北地铁站①
61,布吉中学
M363,大芬地铁站2
M222,翰岭地铁站
M482,东门④
11,景新花园②
M566,坂田石化新村
322,木棉湾地铁站1
M360,大运地铁接驳站1
E15,楼村
M547,石芽岭地铁站①
58,桃源村
M579,深圳北站东广场
高峰专线29,福华新村
E3,南航公司
E34,爱联地铁站
高峰专线36,红花岭站(西行)
M203,桃源村东
963,坪山大道龙坪路口
M320,石湖龙居民小组站
高峰专线221,岗头地铁站
M300,富豪花园
M103,福华新村
N4,招商银行大厦②
358,北山工业区
M520,海滨浴场
M492,西丽社区①(往南)
M398,沙元埔
216,妇幼保健院红荔院区（注红荔路）
M296,坪山广场地铁站
M347,前海兴海路口
M219,双龙地铁站②③
85,深圳东站西广场
376,木棉湾地铁站1
866,洪浪北地铁站
M272,象角塘西
B662区间线,沙头角地铁站C口（招呼车）
E6,南联地铁站
M454,莲花中学
980,深圳东站西广场
M486,海滨实验小学
M386,陂头背新村
69,东门⑤
M401,鹿丹村站
M379,宝安中心站②
M103,福民新村站
201,桃源村
E39,高科技中心
M180,大芬地铁站2
M474,龙井地铁站
334,华为单身公寓北
M541,深圳东站西广场
高峰专线185,黄阁坑地铁站
822,百鸽笼公交接驳站
K105,群星广场始发站1
M318,双拥街地铁站
21,侨城东地铁站
M165,体育馆①
M476,草埔地铁站
M241,南山派出所
高峰专线221,岗厦北地铁站②
316,购物公园地铁站
M123,坂田北地铁站
22,南山妇幼保健院
M569,东升学校
M194,购物公园地铁站
高峰150,塘朗地铁站
M209,科苑地铁站
M527Q1,固戍地铁站
高快巴士51,上屋地铁站
M386,尚景欣园
122,海上世界
M526,莲塘口岸①
m105,莲花山西①
M140,腾邦大厦
E23,爱联地铁站
高峰专线8,坪山中心公园
B821,上梅林公交总站
M222,福田党校①
M562,协和深圳医院东
81,南山党校
215,市公安局①
371,笋岗街道办
307,布吉中学
M403,金光华广场
90,白石洲①
M459,新彩隧道口
高快巴士31,深南香蜜立交①
高峰专线34,广中医深圳医院
M479,东纵纪念馆站
M572,象角塘西
104,深圳书城
66,白石洲③
M207,中级法院
M567,坂田北地铁站
高峰换线19,木棉湾地铁站1
M401,罗湖小学②
M382,新安交警中队
629,诺铂广场
高峰专线150,大冲①
339,万科城
17,湖贝中路
高快巴士41,坂田北地铁站
215,罗湖小学②
339,深大地铁站
956,西环吉华路口
N3,门诊部1西行方向
高快巴士899,广中医深圳医院
802,盛平地铁站
215,上沙村
大亚湾268B,沙田地铁站
313,莲花中学
629大站快车,黄田2
B916,四联地铁站
326,桃源村东
E34,坪山大道龙坪路口
E22,坂田地铁站
M324,中海大山地站
M472,福围
M279,坪山税务局
316,华强职校
M299,高科技中心
339,高科技中心
357,田贝②
M379,红山地铁站
M345,西丽社区①(往南)
M383,市总工会
615,诺铂广场
M220,龙城广场地铁站②
M500,农林地铁站
M356,中大地铁站
高峰专线128,软件产业基地
M370,沙尾
34,丰泽湖山庄总站
M23,田贝②
811,南联地铁站
B991,铁路公园地铁站
M389,航苑大厦
M324,石芽岭地铁站①
29,红岭南路1
M275,吉祥地铁站②
615,新安税务
M467,南油西地铁站
高峰专线29,红岭泥岗立交
M105,水湾地铁站
83,火车站
M429,深南科苑立交北
E27,大运中心
M346,甘坑地铁站
M284,薯田埔地铁站
M281,健康花城
M560,上川地铁站
M198,坂田交警中队
B683,桂湾地铁站
317,上沙村
M152,民乐地铁站4
B864,富盈门站
M131,翻身地铁站
M106,深圳湾公园地铁站①
10,少儿图书馆（注红荔路）
37,留仙洞地铁站
52,国花路口站
高峰专线132,红花山地铁站
N14,黄贝岭地铁站②
M325,坪山大道东纵路口
M463,赤尾天桥
M494,松岗派出所
M244,深圳东站交通枢纽公交场站
321,扬马市场
80,蛇口港地铁站
321,草埔地铁站
P778,通新岭地铁站
B611,东海实验小学
M105,华强职校
M241,协和深圳医院东
M197,泰华阳光海①
M209,深南科苑立交北
3,福华新村
302,海馨苑
M548,A出入口｜公明广场地铁站①
M266,龙城广场地铁站②
M361,双龙地铁站②③
M408,田贝②
M364,深云村
B992,前海湾地铁站
612,南坑村
M391,景新花园①
M271,深圳东站②
M434,六和地铁站
M403,草埔地铁站
M183,华新村
385,华新村
M459,红花岭站（东行）
M397,学府雅苑
M190,海关综合大楼
366,坑梓地铁站
M478,坪山火车站南广场
M203,深圳东站①
E34,坪山电子城①
M199,盐田区政府(B站台)
M272,布吉中学
M453,深南科苑立交北
M467,高新园地铁站
M378,灵芝地铁站1
313,万科城
M357,坪山税务局
621,星光之约
M172,木棉湾地铁站1
358,盐田双拥公园
52,福民新村站
362,福田口岸公交总站
62,翠竹苑
382,岗边村①
B821,青年学院
高峰专线122,宝安体育馆
320,白石洲②
M519,深圳湾公园地铁站②
M317,宝龙地铁站
B947,长圳地铁站
莞782,大运中心体育馆
629,黄田1
E7,二层公交站台
高快巴士20,锦龙地铁站
E16,地面交通中心15号门外公交车上客区
M425,大冲①
N04,岗厦北地铁站①（北侧）
M402,石芽岭地铁站①
M132,白石洲③
M281,万科城①
高峰专线150,荔林地铁站
369,布吉中学
963,坪山火车站南广场
85,莲塘口岸①
M350,平峦山地铁站公交站
M530,福围
P799,广中医深圳医院
M192,深圳东站①
M320,奥林华府
E7,坂田医院
摩天轮假日接驳线,宝华海天路口
高快巴士12,体育馆①
862,龙岗中专
M225,一层公交站台
337,火车站337总站
高峰专线16,中级法院
58,龙珠四路
17,人民南地铁站
303,高训大厦（福强路东侧）
60,梅林三村东
B961,壹海城(A站台)
M437,莲塘口岸①
M407,金光华广场
M528,华丰工业区公交站②
M414,体育馆①
M331,机场东地铁公交接驳站
3,购物公园地铁站
高峰专线31,莲花中学
M183,草埔地铁站
M477,一层公交站台
高峰专线31,深圳石油大厦
M409,招商发展中心
B613,景新花园①
M564,坪山税务局
M143,东纵纪念馆站
M413,大冲①
高快巴士81,大运中心
E25,赤尾天桥
334,沙元埔
395,宝田一路地铁站
M460,塘朗地铁站
M460,孖岭社康中心
339,福华新村
M514,福海站
M563,康乐五区
M459,购物公园地铁站
M475,南山书城地铁站②
377,百鸽笼地铁站
M317,尚景地铁站
113,兴华宾馆东公交站
393,民乐地铁站4
高快巴士17,民乐地铁站北公交场站
M112,深圳书城
10,湖贝地铁站
M295,锦龙地铁站
216,中级法院
M330,大运地铁接驳站1
M357,坳背地铁站
M578,万科城②
36,深大地铁站
高峰专线22,广中医深圳医院
M513,松岗地铁站
M565,石芽岭地铁站
18,火车站西广场
391,莲花中学
M192,门诊部1西行方向
113,招商发展中心
M405,上海宾馆
高峰专线182,壹海城(A站台)
M322,大运地铁站
M273,甘坑地铁站
M191,海滨浴场1
202,兴华宾馆东公交站
M398,翠海花园
3,门诊部1西行方向
49,深大地铁站
M276,尚景欣园
M498,华南城地铁站
B760,坪山街道办
M208,康乐学校
939,罗谷居民小组
高峰专线22,坂田石化新村
B980,松岗地铁换乘站1
M528,西乡大道
M418,荔林地铁站
977,上李朗地铁站
M347,深圳湾公园地铁站②
621,南坑村
8,市总工会
M185,龙岗天安数码城①
M309,六约地铁站
E5,体育馆①
B902社区微巴,壹海城(A站台)
980,甘坑地铁站
M246,平峦山地铁站公交站
M588,大芬地铁站2
码头摩天轮假日穿梭巴士,翻身地铁站
205,莲塘口岸②
高峰专线37,华强路地铁接驳站
M190,六约北地铁站
M133,岗厦北地铁站①
M288,锦龙地铁站
B689,福田区委
B662,沙头角地铁站C口（招呼车）
高快巴士34,中海日辉台
M530,大冲①
939,六和地铁站
M205,沙头角地铁站
334,桃源村
979,深坑工业区站
B708,留仙洞地铁站
M396,荷坳地铁站
621,沙元埔
M200,西岸花园
高峰专线201,上梅林公交总站
高快巴士33,光明大街地铁站
M361,沙田地铁站2
75,上海宾馆
18,草埔地铁站
44,梅林三村
M138,高训大厦（福强路西侧北）
69,红岭泥岗立交
M511,航城街道办
M194,华丰工业区公交站②
M593,黄阁坑地铁站
高峰专线54,高新南站
M343,长岭陂地铁站
322,沙尾
27,草埔地铁站
982,坂田医院
M547,扬马市场
63,红岭南路1
M478,坪山中心地铁站
64,少儿图书馆（注红荔路）
331,海上世界地铁站
3,市公安局①
72,软件产业基地
202,福田区委
211,东门④
M281,百鸽笼公交接驳站
高峰专线221,城市山海云汇
M559,翠园中学东晓校区
P300,市总工会
M281,华为单身公寓北
377,沙尾
B729,华侨城医院
E17,石井社区
M132,海关综合大楼
376,木棉湾地铁站2
M571,江岭路口
M224,深圳东站①
369,赤尾天桥
M387,桥头地铁站①
A5,荷坳地铁站
387,莲塘口岸②
M191,白石洲②
E28,莲花中学
M408,木棉湾地铁站2
M193,红岭泥岗立交
M347,皇岗创新实验学校
M568,万科城
高峰专线29,通新岭地铁站
398,木棉湾地铁站1
M378,灵芝地铁站
26,皇岗口岸
332,西丽社区①(往北)
M235,宝安图书馆①
M325,锦龙地铁站
惠阳168B,坑梓地铁站
371,木棉湾地铁站2
M354,一层公交站台
M409,海上世界地铁站
216,华强南
B678,锦龙地铁站
N25,海馨苑
M200,碧海湾地铁站
M350,坪洲地铁站
M513,松岗派出所
惠州208,龙城广场地铁站①
高峰专线29,上海宾馆
P320,广中医深圳医院
323,科技中学
202,新洲村
M507,荔林地铁站
高快巴士60,西乡大道
高快巴士4,群星广场始发站1
M218,长圳地铁站
M357,六和地铁站
963,坪山电子城①
M433,上沙村②
M275,南联地铁站
A6,凤凰城地铁站
44,上沙村②
313,华新村
B604,西丽社区②(往北)
高峰专线37,扬马市场
M346,星光之约
M531,机场东地铁公交接驳站
351,大运地铁站①
385,群星广场始发站1
高峰专线201,草埔地铁站
高峰专线62,桃源村东
357,丹竹头地铁站
58,深圳石油大厦
E10,福华新村
M447,坂田医院
358,龙园公园
34,皇岗创新实验学校
M299,西丽社区②(往南)
M239,南联地铁站
高峰专线33,翠竹苑
莞915,双拥街地铁站
324,翰岭地铁站
P84,通新岭地铁站
高快巴士28,深圳石油大厦
K105区间线,华新村公交总站
N37,湾厦地铁站
23,布心花园
M467,前海兴海路口
882,坂田交警中队
M271,布吉中学
M360,第三高级中学
351,横岗地铁站①
306,金光华广场
M408,洪湖公园②
108,群星广场始发站1
M530,高新园地铁站
B817,海月地铁站2公交站
M412,禾花地铁站
M476,高训大厦（福强路西侧北）
N7,东门③
M521,城市山海云汇
802,尚景欣园
M325,坪山火车站南广场
M467,南山花园
M529,凤凰城地铁站
107,侨香三道南
64,妇幼保健院红荔院区（注红荔路）
103B,福田区委
376,草埔地铁站
M437,广岭
610,洪浪北地铁站
322,笋岗街道办
122,南山党校
982,坂田石化新村
M271,上水径
M270,平湖火车站（公交站）
M157,宝安中心站
204,南油地铁站①
M138,布吉中学
M266,深坑工业区站
M233,丹竹头地铁站
高快巴士20,购物公园地铁站
M183,购物公园地铁站
M363,凉帽村
M277,龙东地铁站
M356,凤凰城地铁站
M561,金海燕花园
M223,莲花中学
M433,大冲①
M575,坪山街道办
M531,黄田1
M413,招商银行大厦②
57,笋岗村牌坊
N6,科技中学
E25,奥林华府
615,国展地铁站①
高峰56,留仙洞地铁站
357,深圳东站①
M322,大运地铁接驳站1
M239,火车站西广场
10,华新村
M247环线,华丰工业区公交站②
M239,爱联地铁站
M364,水贝地铁站
214,门诊部1西行方向
M183,田贝①
M315,大运中心
高峰专线138,宝安税务局
113,地王大厦
226,海上世界地铁站
204,南油地铁站②
M198,城市山海云汇
M190,岗厦北地铁站①（北侧）
M519,南山妇幼保健院
假日专线1,宝安中心站
东莞285,碧头地铁站北
85,盐田双拥公园
M415,深圳东站②
M313,深大地铁站
M313,新安税务
M404,草埔地铁站
高峰94,西丽社区①(往南)
M358,广中医深圳医院
M554,科技园①
M324,六约新村东站
225,市妇幼保健院红荔院区（注红荔路）
10,妇幼保健院红荔院区（注红荔路）
977,洪湖公园②
M199,莲塘口岸②
M447,锦龙地铁站
M435,白石洲③
高峰专线22,星光之约
高峰104,西丽社区②(往南)
M451,光明大街地铁站
216,市二医院①
M317,龙岗智慧家园站
M202,海馨苑
高峰专线,南山妇幼保健院
229,南山党校
M334,机场东地铁公交接驳站
M263,星光之约
615,深圳国际会展中心①
M133,湖贝地铁站
M478,沙田地铁站2
M375,君逸世家
M293,坪山中心公园
高峰专线36,丽山路南站（北行）
M182,留仙洞地铁站
72,华侨城医院
M281,万科城②
E39,凤凰城地铁站
326,招商银行大厦②
B604,华为单身公寓北
67,西丽社区①(往南)
M483,大新小学
M157,西岸花园
M166,光明大街地铁站
E10,购物公园地铁站
M521,星光之约
M409,前海湾花园
M209,凤凰岗村
358,大运地铁站①
M133,南油地铁站②
E10,体育馆东
M106,深圳书城
58,市二医院①
M492,西丽社区①(往北)
M266,六约新村东站
E14,一层公交站台
223,岗厦北地铁站②
M422,坪山公安分局
M329,翠北小学
964,坪山围
M547,塘坑地铁站
69,黄贝岭地铁站②
101,岗厦北地铁站①（北侧）
M597,城市山海云汇
M491,石芽岭地铁站
M470,坪洲地铁站
M451,凤凰城地铁站
71,新洲村
M173,翰岭地铁站
B946,赤湾地铁站
23,市慢性病防治院
M103,莲塘口岸②
113,深圳书城
M430,水湾地铁站
E4,民乐地铁站4
395,公园路西一巷
383,群星广场始发站1
高快巴士47,岗厦北地铁站①
49,深南科苑立交北
7,丰泽湖山庄总站
M413,黄田1
337,协和深圳医院东
高峰93,西丽社区①(往南)
M317,龙岗中专
M187,沙田地铁站2
M412,华南城地铁站
321,红岭泥岗立交
M190,地王大厦
深惠3A,爱联地铁站
67,桃源村东
E3,城市山林东
M414,岗厦北地铁站①（北侧）
M202,航苑大厦
高峰专线33,体育馆东
M473,君逸世家
M518,上川地铁站
P385,通新岭地铁站
M359,平吉大道辅岐路口
85,盐田区政府(B站台)
B917A线,深圳北站东广场
E7,民治地铁站
高峰专线73,火车站
M575,江岭路口
M563,塘坑地铁站
316,侨香地铁站
E24,深圳东站东广场
M385,红花岭站（东行）
M361,石湖龙居民小组站
M191,盐田区政府(A站台)
M194,科技园①
M392,翰岭地铁站
85越站车,深圳东站西广场
M282,万科城
308,梅沙街道办
B689,皇岗村
M291,福海站
M448,岗厦北地铁站①（北侧）
303,福田区委
123,群星广场始发站1
620,民治地铁站
M401,翰岭地铁站
P2,市总工会
38,监控中心
64,群星广场
M412,平吉上苑
高峰专线32,坪洲地铁站
M208,塘坑地铁站
假日专线1,宝安中心站②
M246,上川地铁站
B977,凤凰城地铁站
M183,深大地铁站
N3,兴华宾馆东公交站
111,莲塘口岸②
M554,科苑地铁站
237,西丽社区②(往北)
M434,龙田路口
M247环线,华丰工业区公交站①
M229,康乐学校
923,大运地铁站①
高峰专线8,坪山火车站南广场
M105,荔园大厦
624,坂田交警中队
123,群星广场
234,南山党校
M311,木古地铁站
977,木古地铁站
高快巴士48,丹竹头地铁站
M314,盐田区政府(A站台)
606,公园路西一巷
M402,东门中①
M555,航苑大厦
72,侨香三道南
M379,宝华地铁站①
M402,建设路总站
M487,华侨城地铁站
303,沙尾
M426,坪山火车站南广场
M279,六和地铁站
328,坂田石化新村
M329,翠园中学东晓校区
高快巴士28,广中医深圳医院
E39,光明大街地铁站
M376,新安交警中队
M393,塘朗地铁站
M362,岗边村①
B971,长圳地铁站北
M495,碧头地铁站
M239,吉祥地铁站②
M347,沙尾
223,门诊部①
M360,大运中心体育馆
M313,碧海湾地铁站
61,丹竹头地铁站
358（快线）,龙城广场地铁站②
1,太宁路西
M341,二层公交站台
M533,坂田石化新村
M250,诺铂广场
M311,华南城地铁站
323,景新花园①
629,公园路西一巷
M133,皇岗创新实验学校
980,布吉中学
M572,富豪花园
B917B,民治地铁站
M249,灵芝地铁站
高专038,岗厦北地铁站①（北侧）
M395,灵芝公园北
978,坑梓街道办
高快巴士20,岗厦地铁站
44,梅林三村东
M566,星光之约
M352,一层公交站台
M417,翰岭地铁站
334,民乐地铁站3
M385,坂田石化新村
M246,新安交警中队
66,西丽社区②(往北)
M527,地面交通中心15号门外公交车上客区
M182,新安税务
839,木棉湾地铁站1
M363,岗厦北地铁站①（北侧）
M282,坂田北地铁站
982,坂田地铁站
高快巴士6,华强路地铁接驳站
M198,岗厦地铁站
369,南头古城
M343,西丽社区①(往南)
N24,侨香三道南
5,东门⑤
201,大新小学
M347,二层公交站台
M500,新洲村
M182,荔园大厦
M433,上沙村
M239,龙城广场地铁站②
M389,通新岭地铁站
NM479,坪山火车站南广场
M460,深圳石油大厦
M427,坑梓街道办
M403,田贝②
M547,大运地铁站
M347,向南东村
M448,深南香蜜立交①
M446,阳光天健城
M400,南山村
B968,东海实验小学
67,莲花中学
B683,深大地铁站
M546,坪山税务局
979,禾花地铁站
334,万科城①
369,草埔地铁站
B817,海月地铁站公交站
225,水贝地铁站
M322,龙岗智慧家园站
339,上沙村①
M205,黄贝岭地铁站①
M209,丽景城
M383,坂田石化新村
M296,坪山大道龙坪路口
108,华新村
204,岗厦北地铁站①（北侧）
高峰专线189,禾花地铁站
M105,市妇幼保健院红荔院区（注红荔路）
218,莲塘口岸②
M259,固戍地铁站
M518,灵芝地铁站
303,草埔地铁站
N3,东门中①
M565,大芬地铁站2
334,坂田北地铁站
B936,会展城地铁站临时站
B959,长圳地铁站
72,高新园地铁站
3,上海宾馆
M383,中级法院
13,群星广场
M200,深南科苑立交北
718,碧海湾地铁站
M347,新洲村
N481,群星广场
M393,华丰工业区公交站②
328,中海日辉台
高峰专线18,深南香蜜立交①
M198,富豪花园
M448,翰岭地铁站
8,深圳东站①
113,蛇口港地铁站
67,桃源村
939,坪山中心公园
P130,市总工会
75,莲花中学
M429,卓越后海中心
M375,翻身地铁站
B641,碧海湾地铁站
M296,深圳高级中学东校区
204,南航公司
M558,华丰工业区公交站①
M172,沙尾
M229,华乐社区
23,爱华市场公交站
高峰专线221,招商银行大厦③
M200,泰华阳光海①
M158,桂湾地铁站
339,高训大厦（福强路东侧）
高峰专线64,坪山大道龙坪路口
321,华为单身公寓北
大亚湾268A线,沙田地铁站2
M530,科技园①
337,赤尾天桥
大鹏假日专线4,上海宾馆
M224,木棉湾地铁站1
M312,上梅林公交总站
M282,星光之约
810,东升学校
82,火车站
M313,海滨实验小学
M519,沙尾
M35,六约地铁站
62,翠园中学东晓校区
316,官田地铁站
M267,草埔地铁站
B611,农林地铁站
B949,光明大街地铁站
高快巴士29,广中医深圳医院
M573,禾花地铁站
M300,木古地铁站
307,田贝②
111,体育馆①
64,翠园中学东晓校区
M491,星光之约
M266,横岗地铁站①
P320,洪湖公园②
B729,香域中央花园
M355,高新南站
23,水贝地铁站
M447,宝龙地铁站
M132,侨城东地铁站
M311,石芽岭地铁站①
323,华侨城地铁站
377,上沙村①
M167,荷坳地铁站
964,江岭路口
63,福民地铁站
M309,城市山海云汇
M414,上水径
M229,深坑工业区站
M322,爱联地铁站
M361,坑梓地铁站
高快巴士12（开往香梅北总站）,莲塘口岸①
26,桃源村
高峰专线56,龙井地铁站
B945,赤湾地铁站
M213,翠北小学
M376,西岸花园
M313,上川地铁站
M490,松岗地铁换乘站1
225,群星广场
M555,少儿图书馆（注红荔路）
216,福田农批市场
坪梅假日专线,锦龙地铁站
977,木棉湾地铁站1
高快巴士60,上海宾馆东
M389,彩福大厦
B720,红花山地铁站
978,坪山规自局
M150,健康花城
358,盐田区政府(A站台)
211,东门③
M280,双龙地铁站①
603,宝田一路地铁站
M222,侨香地铁站
939,坪山税务局
57,翠竹苑
中旅东部快线（K528）坑梓线,火车站
M392,景新花园①
M554,塘朗地铁站
M467,南油地铁站①
M136,坪山大道龙坪路口
603,平峦山地铁站公交站
M597,岗头地铁站
83,田贝地铁站
M474,龙珠四路
M578,万科城①
M474,桃源村
M422,坪山火车站南广场
B917,红山地铁站
M511,木棉湾地铁站2
74,西丽社区②(往南)
29,深圳书城
M550,宝安中心站
B679,沙井地铁公交接驳站
323,木棉湾地铁站2
M393,灵芝公园北
B933,松岗地铁站
M518,诺铂广场
M346,象角塘西
M396,龙城广场地铁站②
80,航苑大厦
B971,凤凰英荟城
334,龙井地铁站
虹桥公园假日专线1,凤凰城地铁站
811,爱联地铁站
M239区间车2线,田贝②
215,深圳书城
104,景新花园②
M190,丹竹头地铁站
M191,盐田区政府(B站台)
M359,石湖龙居民小组站
82,田贝①
M138,福田保健院
高快巴士31信息枢纽大厦,购物公园地铁站
M347,雅颂居
M281,万科城
M473,宝安体育馆
M403,石芽岭地铁站①
甘坑客家小镇假日专线,甘坑地铁站
2,翠园中学东晓校区
49,高科技中心
M208,四联地铁站
B826,君逸世家
M382,坪洲地铁站
381,莲塘口岸①
E8,华为单身公寓北
M389,高训大厦（福强路西侧北）
328,景新花园①
M350,宝田一路地铁站
652,民主社区
433,侨城东地铁站
M295,木棉湾地铁站2
37,丽山路南站（北行）
B831,灵芝公园北
M299,卓越后海中心
M271,木棉湾地铁站1
10,华新村公交总站
M460,群星广场
M582,上屋地铁站
818,东纵纪念馆站
811,龙城广场地铁站②
67,群星广场
12,火车站
M102,少儿图书馆（注红荔路）
42,南头古城
B963,光明大街地铁站
M453,沙尾
328,民乐地铁站5
M105,南山派出所
M482,鹿丹村站
莞747,光明大街地铁站
M370,福田区委
观光巴士科技生态蓝线,深大南站
B927,洪安围
坪梅假日专线,梅沙街道办
308,草埔地铁站
M532,光明中心站
M329,东湖路
357,市总工会
M382,上川地铁站
M441,购物公园地铁站
316,华侨城医院
215,火车站
M359,南联地铁站
70,蛇口港地铁站
255,笋岗村牌坊
E22,坪山大道龙坪路口
N4,南山派出所
M313,泰华阳光海①
M313,灵芝公园北
M205,盐田区政府(B站台)
M234,后亭地铁站
358（快线）,爱联地铁站
M312,梅林阁
M220,锦龙地铁站
M304,东升学校
70,农林地铁站
M572,坂田地铁站
324,招商银行大厦②
B829,洪浪北地铁站
14,地王大厦
M491,丹竹头地铁站
M555,木头龙
M561,深湾地铁站
M385,长岭陂地铁站
M300,上李朗地铁站
高峰专线102,灵芝地铁站
44,沙尾
M362,盐田区政府(B站台)
B836,黄田1
M233,扬马市场
212,福田区委
M115,莲花中学
滨海休闲观光假日专线,深圳湾公园地铁站
M221,雅颂居
63,岗厦地铁站
122,蛇口港地铁站
358（快线）,大运地铁站①
M312,丰泽湖山庄总站
高峰专线158,坪洲地铁站
M269,木古地铁站
M568,富豪花园
M400,城市山林东
M295,坪山大道东纵路口
M105,上水径
M525,凤凰城地铁站
203,地王大厦
高峰专线91,南坑村
10,地王大厦
M347,星光之约
M263,民乐地铁站北公交场站
M406,木棉湾地铁站1
M409,南玻大厦
M437,洪湖公园②
222,景新花园①
218,福田农批市场
M482,田贝地铁站
M191,大冲①
E22,二层公交站台
M313,富盈门站
深惠2支线,沙田地铁站2
B961,沙田地铁站2
M400,海上世界地铁站
M240,深圳石油大厦
梧桐山假日专线2,深圳东站交通枢纽公交场站
57,莲塘口岸①
650,沙井地铁站
高峰专线62,龙井地铁站
M355,海滨实验小学
高峰专向8,坪山大道东纵路口
M523,扬马市场
M347,莲花中学
M136,坪山广场地铁站
M447,岗厦北地铁站①
718,诺铂广场
101,华侨城地铁站
M359,爱联地铁站
339,深南科苑立交北
M562,桂湾地铁站
M576,石井地铁站
P715,华南城地铁站
M528,西乡大道西岗路口
29,东湖路
M383,万科城①
M209,深大南站
615,公园路西一巷
M487,白石洲①
M356,长圳地铁站
11,市二医院①
818,坪山税务局
M312,农林地铁站
M191,黄贝岭地铁站①
M224,购物公园地铁站
104,门诊部①
M299,深南科苑立交北
M401,市二医院①
E19,高科技中心
N7,罗湖小学②
M272,百鸽笼公交接驳站
19,南山书城地铁站②
高峰专线37,中海日辉台
371,洪湖公园①
高峰专线126,坂田交警中队
M348,翠竹苑
M336,长圳地铁站
M406,深圳东站②
B876,桥头地铁站
M229,荷坳地铁站
306,西环吉华路口
13,市妇幼保健院红荔院区（注红荔路）
M448,扬马市场
M229,四联地铁站
M521,华为单身公寓北
B680,草埔地铁站
M463,布吉中学
M312,翠海花园
M406,草埔地铁站
38,深云村
B867,锦龙地铁站
26,龙珠四路
833,锦龙地铁站
P207,市总工会
104,湖贝地铁站
204,上海宾馆
M193,民治地铁站
B864,凤凰岗村
M404,建设路总站
M356,光明中心站
82,百鸽笼地铁站
M275,龙城广场地铁站②
B831,公园路西一巷
高快巴士29,西乡大道
M597,民治地铁站
377,新洲村
M261,平吉大道辅岐路口
339,福田党校①
104,翠海花园
B681,中医院一门诊
M473,华丰工业区公交站①
高峰专线8,坪山广场地铁站
高峰专线138,富盈门站
29,爱华市场公交站
12,海馨苑
M386,双龙地铁站①
M428,西环吉华路口
假日专线1,宝安体育馆
M364,南山花园
36,西丽社区②(往南)
362,上沙村②
高快巴士60,兴华宾馆东公交站
107,农林地铁站
新西湖快线,火车站
M372,南航公司
333,富豪花园
720,楼村
M393,大运地铁站
M358,木棉湾地铁站2
113,广岭
603,诺铂广场
M467,南油地铁站②
M299,二层公交站台
M281,木棉湾地铁站1
M224,福华新村
M329,木棉湾地铁站1
M473,华丰工业区公交站②
74,协和深圳医院东
M324,丹竹头地铁站
3,岗厦地铁站
E25,黄阁坑地铁站
高峰专线34,沙元埔
M184,马安山地铁站
61,六约地铁站
M194,华丰工业区公交站①
深惠3A线,深圳东站②
M313,高科技中心
101,中医院一门诊
M311,上李朗地铁站
M447,黄阁坑地铁站
M404,盛宝布澜路口
M497,坪山火车站南广场
M372,协和深圳医院东
M528,固戍地铁站
7,福田农批市场
323,草埔地铁站
M325,坪山中心地铁站
M393,固戍地铁站
B986,上屋地铁站
高峰专线32,黄贝岭地铁站④
225,少儿图书馆（注红荔路）
67,广中医深圳医院
M485,草埔地铁站
高峰专线183,丹竹头地铁站
M346,家和花园
11,体育馆①
N6,群星广场始发站1
M427,坪山火车站南广场
M454,市二医院①
M133,黄贝岭地铁站②
101,市公安局①
M282,坂田石化新村
M106,南油地铁站②
M467,南山党校
M308,龙岗智慧家园站
M239,双龙地铁站①
M355,平峦山地铁站公交站
B687,翻身地铁站
B976,固戍地铁站
P364,深圳石油大厦
M435,科技园①
M437,沙头角地铁站
M313,诺铂广场
M588,草埔地铁站
M312,福田农批市场
高峰专线91,坂田北地铁站
高快巴士26,华强路地铁接驳站
23,赤尾天桥
M372,南山花园
104,上海宾馆
高快巴士47,招商银行大厦②
M482,翠北小学
334,梅林阁
M182,广岭
M196,海滨浴场
398,深圳东站①
M589,石芽岭地铁站①
B619,沙头角地铁站C口（招呼车）
M400,碧海湾地铁站
12,妇幼保健院红荔院区（注红荔路）
M295,坑梓街道办
320,科技园①
303,岗厦北地铁站①
M197,碧海湾地铁站
M405,华强路地铁接驳站
M545,坂田交警中队
M265,东都雅苑（公交站）
高峰专线22,南坑村
M401,红岭南路2
M460,广中医深圳医院
M476,福民新村站
M484,大新小学
833,大运地铁站①
M341,会展湾南岸广场公交场站
M273,深圳东站西广场
M302,禾花地铁站
M296,技术大学地铁站东
371,木棉湾地铁站1
63,福华新村
M263,南坑村
高快巴士29,黄田1
366,木棉湾地铁站1
高快巴士47,深南香蜜立交①
M481,扬马市场
320,泰华阳光海①
M362,梅沙街道办
323,科技园①
M415,上水径
M463,红岭北地铁站
M404,木棉湾地铁站1
M363,石芽岭地铁站
M484,荔林地铁站
74,南山派出所
高峰专线62,桃源村
11,国贸①
978,六和地铁站
M139,黄阁坑地铁站
M225,龙华玉龙新村公交站
21,南头古城
906,康乐五区
M189,技术大学地铁站东
M204,莲花中学
203,兴华宾馆东公交站
339,沙元埔
M137,坂田北地铁站
M559,地王大厦
M265,禾花地铁站
203,门诊部1西行方向
M190,洪湖公园②
M559,上沙村
29,门诊部①
13,上海宾馆
M380,梅沙街道办1
313,民乐地铁站4
381,笋岗村牌坊
B878,禾花地铁站
80,沙尾
718,丽景城
M199,沙头角地铁站
M418,鲤鱼门地铁站
M484,南油西地铁站
M202,翰岭地铁站
338,华丰工业区公交站①
高快巴士81,奥林华府
M196,海滨浴场3
223,海关综合大楼
M221,莲花中学
M325,坪山围
M401,红岭南路1
13,华强南
高峰专线189,华南城地铁站
69,笋岗街道办
17,湖贝地铁站
M362,梅沙街道办2
M206,光明大街地铁站
E25,红岭泥岗立交
M433,科技园①
E17,火车站
M311,深圳东站东广场
M347,福田保健院
M245,诺铂广场
M138,福华新村
M299,西丽社区②(往北)
M491,南坑村
M133,福田保健院
M499,福田口岸公交总站
E6,大运中心
M310,塘尾地铁站
高峰专线73,木棉湾地铁站1
P449,通新岭地铁站
334,万科城
13,木头龙
M382,碧海湾地铁站
M412,平吉大道辅岐路口
M570,康乐学校
366,丹竹头地铁站
M396,双龙地铁站①
M329,石芽岭地铁站
M413,白石洲②
376,市慢性病防治院
321,木棉湾地铁站1
M491,坂田石化新村
29,湖贝地铁站
M562,荔园大厦
M460,梅林阁
P320,田贝①
M182,南航公司
229,荔林地铁站
312,布吉中学
高快25,岗厦北地铁站①（北侧）
M560,新安交警中队
M528,华丰工业区公交站①
629,薯田埔地铁站
M357,荷坳地铁站
M473,宝安中心站②
369,大冲①
B985,桥头地铁站
M221,中海日辉台
M447,招商银行大厦②
223,黄贝岭地铁站②
306,火车站
605,新安交警中队
B971,长圳地铁站
高快巴士47,西乡大道西岗路口
19,龙井地铁站
高峰专线21,广中医深圳医院
324,科技园①
123,华新村公交总站
392,西丽社区①(往北)
M314,莲塘口岸①
M371,灵芝地铁站
833,大运地铁站
M465,海滨浴场1
高峰专线97,市慢性病防治院
213,景新花园②
395,上川地铁站
M191,门诊部①
14,福华新村
B611,侨香地铁站
M152,民治地铁站
312,草埔地铁站
62,田贝地铁站
M158,梦海地铁站
E8,广中医深圳医院
M157,邮轮中心总站
308,盐田区政府(B站台)
M205大站快车,火车站
M430,蛇口港地铁站
M190,田贝①
M268,深圳东站①
M282,万科城②
366,皇岗口岸
M568,中海日辉台
M224,岗厦地铁站
324,大冲①
366,坪山广场地铁站
M326,坪山规自局
M527,南山书城地铁站②
M448,星光之约
M310,木棉湾地铁站1
8,红岭南路1
M494,沙浦围牌坊
M267,布吉中学
高快巴士31,招商银行大厦①
M324,凉帽村
M320,吉祥地铁站②
75,中级法院
M266,爱联地铁站
M105,红岭泥岗立交
M355,流塘派出所
M220,南联地铁站
M393Q,深圳北站东广场
M562,科苑地铁站
M402,金光华广场
M486,白石洲②
B964,卓越后海中心
M169,福田保健院
B617,塘朗地铁站
B675,坑梓街道办
M346,万科城
M206,新安税务
103,东门⑤
104,华侨城医院
M379,上屋地铁站
322,石芽岭地铁站
612,星光之约
M561,桃源村东
M133,深圳湾公园地铁站
M182,黄贝岭地铁站④
810,龙岗中专
M324,甘坑地铁站
M388,沙井地铁站
M377,宝安中心站
366,坪山大道东纵路口
B904社区微巴,新安税务
324,白石洲②
M222,广中医深圳医院
M181,平湖火车站（公交站）
103,上沙村
915,坪山大道龙坪路口
M437,盐田区政府(A站台)
43,白石洲③
339,沙尾
M526,广中医深圳医院
M418,南油西地铁站
M197,翻身地铁站①
B968,翠海花园
60,翰岭地铁站
M106,水湾地铁站
E23,大运地铁站
M375,南山花园
高快巴士56,陂头背新村
高峰专线160,奥林华府
1,人民南地铁站
M204,雅颂居
387,盐田区政府(A站台)
8,红岭泥岗立交
M493,招商发展中心
M194,固戍地铁站
P759,通新岭地铁站
323,笋岗街道办
331,黄田2
M265,西环吉华路口
M512,松岗派出所
M430,海月地铁站公交站
M299,科苑地铁站
M408,金光华广场
B937,沙井地铁公交接驳站
1,金光华广场
高峰专线166,桃源村东
E27,黄阁坑地铁站
69,深中泥岗分校北
71,东海实验小学
M239,草埔地铁站
B728,软件产业基地
26,福民新村站
204,蛇口港地铁站
M277,坪山围
M527,华丰工业区公交站②
高峰专线29,深坑工业区站
M133,海关综合大楼
M207,体育馆①
M347,大运地铁接驳站1
214,地王大厦
M227,上李朗地铁站
M429,西丽社区①(往北)
M568,万科城②
B900,松岗地铁站
79,南山妇幼保健院
M575,东纵纪念馆站
M409,前海兴海路口
10,市妇幼保健院红荔院区（注红荔路）
B621,莲塘口岸②
M408,坂田北地铁站
M233,坂田北地铁站
M584,坂田交警中队
M443,坪山围
M295,坪山广场地铁站
122,城市山林东
M276,双龙地铁站①
M102,高训大厦（福强路西侧北）
818,双龙地铁站②③
71,上沙村
M598,松岗地铁换乘站1
M294,大运地铁接驳站1
104,丽山路南站（北行）
M183,高科技中心
101,岗厦北地铁站②
M361,坪山围
M447,坂田地铁站
M181,华南城地铁站
70,华侨城地铁站
M358,丹竹头地铁站
720,光明大街地铁站
223,湖贝地铁站
高峰专线5,科技中学
M133,福民地铁站
M400,水湾地铁站
605,西乡大道
977,深圳东站①
324,梅林三村东
M446,大运中心
369,白石洲②
高峰专线150,南山党校
M306,老围新村
M324,六约地铁站
M549,红花山地铁站
M265,布吉中学
204,南山派出所
M476,岗厦村
M360,大运地铁站
B741,百鸽笼地铁站
308,市慢性病防治院
369,南航公司
334,中海日辉台
229,鹿丹村站
302区间线,海馨苑
E31,机场海关
N9,孖岭社康中心
12,市二医院①
M172,深圳东站①
M322,炳坑村站
M282,万科城①
M132,市总工会公交站
303,群星广场
M279,东纵纪念馆站
351,六约地铁站
高快巴士53,软件产业基地
高快巴士34,万科城
M234,合水口地铁站
高峰专线119,长岭陂地铁站
E29,深圳北站东广场
B954,百鸽笼地铁站
8,六约北地铁站
M247环线,固戍地铁站
321,火车站西广场
M379,新安交警中队
M527Q1,华丰工业区公交站①
377,福民新村站
M575,坪山广场地铁站
M378,洪浪北地铁站
M383,坂田北地铁站
M102,通新岭地铁站
219,碧头地铁站北
E34,六和地铁站
M387,桥头地铁站①站
高峰专线31,大冲①
N4,协和深圳医院东
M508,大芬地铁站2
104,湖贝中路
高快2,双拥街地铁站
M465,深圳外国语学校西
M506,南航公司
高快巴士31,长圳地铁站北
M375,宝安体育馆
M158,深港创新中心（创新商务中心）
B683,深南科苑立交北
M559,田贝新村
M467,荔林地铁站
M398,广中医深圳医院
M102,福田保健院
720,光明中心站
M570,华乐社区
E3,南山派出所
M295,六约地铁站
M283,木棉湾地铁站1
M393,诺铂广场
B887,华丰工业区公交站①
B926,凤凰城地铁站
M210,西岸花园
M440,坪山公安分局
12,地王大厦
74,红花岭站(西行)
M447,翰岭地铁站
M376,翻身地铁站
M447,深南香蜜立交①
高峰专线121,薯田埔地铁站
767,上屋地铁站
8,深坑工业区站
E5,陂头背新村
M584,通新岭地铁站
M203,深圳石油大厦
322,华新村
N24,卓越后海中心
M403,东门中①
222,市二医院①
M487,侨城东地铁站
M566,南坑村
M223,新彩隧道口
M391,翰岭地铁站
M528Q,华丰工业区公交站②
M194,白石洲②
M567,一层公交站台
P84,市总工会
1,火车站
610,灵芝公园北
M401,体育馆①
351,塘坑地铁站
M261,华南城地铁站
M346,坂田交警中队
8,火车站西广场
B878,华南城地铁站
122,海上世界地铁站
M350,黄田1
M307,双龙地铁站①
322,木古地铁站
351,荷坳地铁站
高峰专线31,广中医深圳医院
218,莲塘口岸①
B689,新洲村
74,长岭陂地铁站
M326,坪山大道龙坪路口
M386,奥林华府
高快巴士12（开往大梅沙闻檀道场站）,莲塘口岸①
M467,城市山林东
235,西丽社区①(往北)
M284,学府雅苑
70,白石洲②
M383,黄贝岭地铁站④
303,妇幼保健院红荔院区（注红荔路）
M348,广岭
211,罗湖小学①
M430,登良地铁站
高快巴士41,南坑村
M112,地王大厦
M577,民乐地铁站北公交场站
M508,金光华广场
M295,丹竹头地铁站
E15,翻身地铁站
229,南油西地铁站
M197,留仙洞地铁站
312,田贝①
甘坑小镇北门假日专线,石芽岭地铁站①
B614,泥岗村北
高峰专线165,高新园地铁站
M378,新安税务
73,科技中学
979,平吉大道辅岐路口
802,大运中心
306,木棉湾地铁站1
N6,孖岭社康中心
980,上水径
307,草埔地铁站
M527Q2,华丰工业区公交站②
M346,坂田石化新村
M217,二层公交站台
303,皇岗村
E27,奥林华府
M281,百鸽笼地铁站
M530,华丰工业区公交站①
358（快线）,大运地铁站
P2,通新岭地铁站
NA6,凤凰城地铁站
高峰专线221,坂田交警中队
M398,坂田地铁站
M329,翠北实验小学
M507,南油西地铁站
M272,坂田交警中队
26,新洲村
104快线,门诊部①
M277,石湖龙居民小组站
37,塘朗地铁站
60,民乐地铁站2
M419,福围
75,市总工会
M493,明华中心站
M385,红花岭站(西行)
M205,金光华广场
324,华侨城地铁站
M519,新洲村
M522,新安交警中队
113,岗厦北地铁站①
M458,炳坑村站
M363,甘坑地铁站
357,洪湖公园①
M430,海上世界地铁站
810,双龙地铁站①
36,西丽社区②(往北)
12,市总工会
12,通新岭地铁站
M103,高训大厦（福强路西侧北）
M239,木棉湾地铁站1
225,红岭地铁站
58,荔园大厦
M573,佳业路口
316,长圳地铁站
317,翰岭地铁站
M138,岗厦村
M365,一层公交站台
83,人民南地铁站
M356,光明大街地铁站
M579,翰岭地铁站
高峰专线62,华侨城医院
B667,留仙洞地铁站
A5,锦龙地铁站
M528,深南科苑立交北
M377,新安税务
322,上李朗地铁站
M500,莲花中学
M330,君逸世家
M470,君逸世家
978,坪山广场地铁站
M192,草埔地铁站
M406区间,深圳东站①
M299,大运地铁站
M547,丹竹头地铁站
高快巴士13,黄贝岭地铁站①
73,福田保健院
M302,平吉大道辅岐路口
334,福田农批市场
N12,孖岭社康中心
M565,布吉中学
M217,红花岭站（东行）
NA11,翻身地铁站
M404,田贝②
42,白石洲③
81,深南科苑立交北
366,坪山大道龙坪路口
M395,黄田1
M519；303,上沙村
E34,大运地铁站
915,坪山广场地铁站
23,荔枝公园
377,百鸽笼公交接驳站
M205,火车站
237,西丽社区②(往南)
M458,宝龙地铁站
811,双龙地铁站①
B737,海月地铁站2公交站
M411,薯田埔地铁站
62,国花路口站
M500,上沙村②
M295,深圳东站东广场
113,东门③
B833,沙井地铁站
M333,沙井地铁站
M197,西岸花园
M415,坂田地铁站
M300,家和花园
M398,农林地铁站
M527,招商发展中心
M139,丹竹头地铁站
M525,坂田交警中队
74,南航公司
60,万科大厦
M386,龙岗天安数码城①
高峰专线201,万科大厦
M133,招商发展中心
旅游10线,爱联地铁站
M463,南航公司
B972,光明中心站
M593,龙岗中专
M558,宝华地铁站①
M551,官田地铁站
M299,长岭陂地铁站
366,坪山中心地铁站
M136,坑梓地铁站
高快巴士20,体育馆东
223,白石洲①
高峰专线175,龙田路口
323,百鸽笼公交接驳站
高峰专线29,岗厦地铁站
3,地王大厦
M363,岗厦北地铁站①
M484,南山党校
220,莲塘口岸②
B995,桂湾地铁站
906,华乐社区
B917外环,龙华玉龙新村公交站
833,坪山公安分局
高峰37,翰岭地铁站
M273,石芽岭地铁站①
M399,东门④
833,龙岗中专
328,万科城②
M312,翰岭地铁站
M167,坳背地铁站
M389,福田区委
18,笋岗村牌坊
M106,上海宾馆东
M151,石井社区
B612,中级法院
M282,民治地铁站
N6,景新花园①
M383,黄贝岭地铁站②
80,上沙村
高峰专线150,荔园大厦
377,洪湖公园①
M415,丹竹头地铁站
M303,盛平地铁站
高峰专线97,少儿图书馆（注红荔路）
M313,深南科苑立交北
73,火车站西广场
K113,福田区委
M296,六和地铁站
19,桃源村
M102,福华新村
M375,大新小学
73,湖贝地铁站
惠州208,双龙地铁站①
M136,龙田路口
72,南山妇幼保健院
高峰专线34,深圳石油大厦
B638,塘朗地铁站
M294,石井社区
M374,炳坑村站
385,群星广场
M425,宝安税务局
莞深001线,松岗派出所
M541,西环吉华路口
M482,地王大厦
313,富豪花园
M395,灵芝地铁站
324,万科大厦
M102,上海宾馆
308,布心花园
M102,高训大厦（福强路东侧）
M564,坪山围
M520,盐田区政府(B站台)
M207,市二医院①
27,黄贝岭地铁站②
M520,海滨浴场1
M404,洪湖公园①
201,深云村
M551,上屋地铁站
高快巴士49,上屋地铁站
M347,深圳湾公园地铁站
M558,华丰工业区公交站②
M439,锦龙地铁站
M201,翰岭地铁站
M203,草埔地铁站
M380,塘坑地铁站
M527Q2,华丰工业区公交站①
M373,湖贝地铁站
610,凤凰岗村
M173,南坑村
M383,家和花园
E34,坪山规自局
M272,百鸽笼地铁站
M377,坪洲地铁站
369,田贝②
M299,塘朗地铁站
M525,光明大街地铁站
M355,宝田一路地铁站
704,凤凰岗村
M575,坪山大道龙坪路口
12,市总工会公交站
M329,深圳东站②
B683,高科技中心
M417,民田路公交总站
B887,华丰工业区公交站②
M325,坪山规自局
M408,深圳东站②
M190,上海宾馆
M435,南头古城
M229,六约新村东站
85,北山工业区
M391,民乐地铁站2
M468,莲塘口岸②
M435,大冲①
323,白石洲②
M455,红花山地铁站
323,大冲①
54,西丽社区①(往北)
M103,岗厦村
M303,炳坑西区站
E6,龙城广场地铁站②
M139,深圳东站东广场
M435,黄田1
M194,大冲①
M465,海滨浴场
B888,固戍地铁站
74,西丽社区②(往北)
M507,大新小学
M429,高科技中心
M182,黄贝岭地铁站①
M439,坪山公安分局
339,高训大厦（福强路西侧北）
西湾公园假日专线1,坪洲地铁站
308,广岭
23,岗边村①
M564,东纵纪念馆站
M508,火车站
M217,长岭陂地铁站
M437,福田党校①
M501,吉祥地铁站①
392,西丽社区①(往南)
M377,碧海湾地铁站
M447,大运中心
802,石湖龙居民小组站
M402,布吉中学
M546,宝龙地铁站
M133,南山书城地铁站②
M304,老围新村
M320,第三高级中学
P300,通新岭地铁站
M372,大冲①
963,坪山中心公园
M421,塘坑地铁站
M183,洪湖公园①
B878,平吉大道辅岐路口
72,桃源村东
306,布吉中学
B982,深圳外国语学校西
M359,荷坳地铁站
216,海馨苑
G76,一层公交站台
K204,岗厦北地铁站①（北侧）
215,上沙村②
M306,尚景地铁站
122,红花岭站(西行)
M172,翠园中学东晓校区
高快巴士37,上海宾馆东
N17,市总工会公交站
366,龙田路口
107,华侨城医院
M271,坂田北地铁站
B829,新安税务
202,上沙村
18,笋岗街道办
203,翠竹苑
M466,华乐社区
虹桥公园假日专线1,光明大街地铁站
M349,宝安税务局
60,福田保健院
高峰专线91,福华新村
M570,横岗地铁站①
M567,中海日辉台
43,红花岭站(西行)
M318,双拥街顺昌路口
高快巴士5,黄贝岭地铁站②
M364,大新小学
M317,龙岗天安数码城①
B760,坪山大道龙坪路口
M405,上海宾馆东
M192,上海宾馆东
M300,大芬地铁站2
73,岗边村①
P364,福田农批市场
B870,腾邦大厦
23,红岭泥岗立交
49,丽山路南站（北行）
M377,翻身地铁站
高快巴士40,万科城
B601,蛇口港地铁站
322,大芬地铁站2
M308,龙园路口
M329,彩福大厦
M509,东门③
M165,大运中心
M295,木棉湾地铁站1
E10,岗厦地铁站
351,罗湖小学①
M416,凤凰城地铁站
P172,通新岭地铁站
325,高新南站
M521,岗头地铁站
58,深云村
113,南山书城地铁站②
316,西丽社区①(往南)
M220,龙岗智慧家园站
357,木棉湾地铁站2
中旅东部快线（K528）横岗线,火车站
B737,海月地铁站公交站
M483,荔园大厦
M387,塘尾地铁站①
B964,登良地铁站D出口（招呼站）
923,大运地铁站
M229,黄阁坑地铁站
M443,坪山大道龙坪路口
303,田贝②
60,梅林三村
M376,宝安中心站
978,坪山电子城①
862,双龙地铁站①
B882,丹竹头地铁站
M340,二层公交站台
201,桃源村东
13,妇幼保健院红荔院区（注红荔路）
M165,市二医院①
M554,长岭陂地铁站
M182,洪浪北地铁站
M192,石芽岭地铁站
M559,门诊部1西行方向
M325,坪山中心公园
M234,沙井地铁站
M158,前海湾花园南
高快巴士42,沙元埔
939,石井社区
M383,民乐地铁站4
M140,水贝地铁站
B976,华丰工业区公交站①
N10,皇岗村
M241,招商发展中心
80,振华路中
高峰专线97,布心花园
N12,海馨苑
摩天轮假日接驳线,宝华地铁站①
M437,盐田区政府(B站台)
M440,坪山规自局
M266,双龙地铁站②③
939,石井地铁站
M245,公园路西一巷
81,南山村
M404,深圳东站②
M359,双龙地铁站②③
M300,星光之约
45,科技中学
B613,坂田石化新村
M122,航苑大厦
E12,城市山林东
M266,塘坑地铁站
107,体育馆①
M524,坂田地铁站
220,黄贝岭地铁站④
M267,坂田交警中队
73,皇岗村
M213,翠北实验小学
M483,南航公司
366,深圳东站①
M486,红树湾地铁站
M295,坪山公安分局
B957,国花路口站
704,流塘派出所
381,黄贝岭地铁站②
M559,红岭南路1
M229,龙岗中专
M500,民治地铁站
M310,桥头地铁站
M347,新彩隧道口
333,体育馆①
M572,坂田交警中队
115,新彩隧道口
M526,田贝①
M481,富豪花园
M229,坳一村
M213,太宁路西
M245,华丰工业区公交站②
M359,吉祥地铁站②
B976,华丰工业区公交站②
M473,泰华阳光海①
N08,西丽社区②(往北)
莞782,龙岗中专
M463,荔园大厦
M440,罗谷居民小组
862,龙城广场地铁站②
中旅东部快线（K533）观澜线,火车站
324,梅林三村
226,西丽社区②(往南)
337,黄田1
316,翠海花园
M241,城市山林东
高峰专线64,坪山广场地铁站
M584,体育馆东
B613,妇儿大厦
M207,莲塘口岸②
M556,龙园公园
317,海馨苑
高峰专线165,高新南站
M512,沙浦围牌坊
M139,龙城广场地铁站②
高峰专线73,人民南地铁站
333,中级法院
312,坂田北地铁站
58,广中医深圳医院
M154,禾花地铁站
41,科技中学
M194,大芬地铁站2
M389,红岭泥岗立交
M567,华为单身公寓北
391,雅颂居
383,群星广场
M533,星光之约
M392,民治地铁站
惠阳168A,坑梓地铁站
M133,皇岗村
M541,布吉中学
M245,灵芝公园北
201,广中医深圳医院
高快巴士81,坂田交警中队
M460,长岭陂地铁站
M526,深圳石油大厦
369,岗边村①
915,坪山中心公园
高峰专线31,宝田一路地铁站
M400,南油西地铁站
M409,南山花园
M458,龙岗智慧家园站
328,南坑村
85区间,深圳东站西广场
M448,科技园①
E9,高科技中心
M203,桃源村
M234,龙井地铁站
M360,龙岗天安数码城①
1,罗湖小学②
214,莲塘口岸②
M197,诺铂广场
615,宝安税务局
M102,市总工会
M224,石芽岭地铁站①
M139,大运中心
M508,石芽岭地铁站
223,地王大厦
328,农林地铁站
P119,市总工会
M350,宝安体育馆
M357,炳坑村站
高峰专线22,深圳石油大厦
325,深南科苑立交北
深惠168B线,沙田地铁站2
395,诺铂广场
833,爱联地铁站
M183,妇幼保健院红荔院区（注红荔路）
M451,长圳地铁站
M213,体育馆①
215,上海宾馆
E27,龙岗中专
727,机场海关
M246,航城街道办
205,盐田区政府(A站台)
M243,西丽社区①(往北)
A7,华为单身公寓北
M566,一层公交站台
83,东湖路
366,塘坑地铁站
225,妇幼保健院红荔院区（注红荔路）
321,坂田地铁站
220,湖贝地铁站
615,上川地铁站
324,华强职校
610,新安税务
M556,龙园路口
M364,广岭
339,岗厦村
M203,健康花城
M311,平湖火车站（公交站）
M292,坂田交警中队
M169,福民地铁站
E34,龙田路口
M220,龙岗中专
B832,灵芝地铁站1
M205,人民南地铁站
M561,海滨实验小学
E34,龙城广场地铁站②
358,盐田区政府(B站台)
M235,丽景城
11,东门中①
M460,中级法院
307,金光华广场
222,招商银行大厦③
303,福田保健院
M155,坂田石化新村
东莞216,碧头地铁站北
M425,公园路西一巷
M302,民治地铁站
M277,双龙地铁站②③
E36,翻身地铁站
B879,沙井地铁公交接驳站
M398,坂田医院
104,红花岭站(西行)
M518,公园路西一巷
M229,康乐五区
E36,平峦山地铁站公交站
M521,坂田石化新村
13,少儿图书馆（注红荔路）
M239,田贝①
M560,新安税务
高峰专线167,凤凰城地铁站
964,东纵纪念馆站
M190,塘坑地铁站
M201,民乐地铁站2
320,碧海湾地铁站
M447,民乐地铁站3
M165,奥林华府
M206,凤凰城地铁站
B689,上沙村②
M347,荔园大厦
高快巴士27,岗厦地铁站
M192,田贝①
85,深圳书城
M520,盐田区政府(A站台)
606,富盈门站
M102,福民新村站
M578,万科城
中旅东部快线（K528）龙岗线,火车站
939,坪山火车站南广场
M546,锦龙地铁站
214,岗边村①
M276,龙岗天安数码城①
M329,丹竹头地铁站
612,坂田石化新村
M427,沙田地铁站1
高快巴士31,长圳地铁站
M131,丽景城
M240,草埔地铁站
317,上沙村②
1,东门中①
80,上沙村①
M573,双拥街顺昌路口
M273,凉帽村
326,深南香蜜立交①
M418,海月地铁站1公交站
M486,白石洲③
M552,后亭地铁站
B924,盐田区政府(B站台)
1,国贸①
M379,官田地铁站
E25,红岭南路1
M191,兴华宾馆东公交站
M266,荷坳地铁站
M347,南坑村
M460,万科大厦
M403,建设路总站
M133,深圳湾公园地铁站①
M389,高训大厦（福强路东侧）
M324,石芽岭地铁站
M182,灵芝公园北
941,锦龙地铁站
5,红岭泥岗立交
M543,坂田交警中队
58,体育馆东
978,坪山围
青青世界公园接驳专线,南山花园
73,高训大厦（福强路西侧北）
322,红岭地铁站
M584,市总工会
M463,西环吉华路口
395,宝安税务局
P364,广中医深圳医院
高快巴士81,龙岗中专
M102,岗厦北地铁站②
M202,市妇幼保健院红荔院区（注红荔路）
旅游9线,固戍地铁站
201,深圳石油大厦
M576,坪山街道办
E26,盐田区政府(A站台)
高峰专线122,卓越后海中心
605,凤凰岗村
M183,华新村公交总站
M362,盐田区政府(A站台)
M383,福田党校①
101,西丽社区②(往南)
818,石湖龙居民小组站
334,坂田交警中队
M225,民治地铁站
M345,高科技中心
A7,地面交通中心15号门外公交车上客区
M383,万科城
M383,星光之约
高峰专线32,黄贝岭地铁站②
B963,光明中心站
B902社区微巴,盐田区政府东(B站台)
62,福田保健院
82,金光华广场
E8,门诊部1西行方向
810,黄阁坑地铁站
615,固戍地铁站
222,科技中学
M482,红岭南路1
M446,龙岗天安数码城①
M467,卓越后海中心
M105,少儿图书馆（注红荔路）
M239,洪湖公园②
M192,地王大厦
M138,高训大厦（福强路东侧）
B607,深大地铁站
358,大运地铁站
M304,盛平地铁站
M519,购物公园地铁站
606,流塘派出所
M191,深南香蜜立交①
M360,荷坳地铁站
64,华新村公交总站
M205,盐田双拥公园
316,西丽社区①(往北)
M500,上沙村
M369,深圳北站东广场
M203,洪湖公园①
深惠1线,沙田地铁站1
M400,蛇口港地铁站
357,草埔地铁站
M395,机场海关
M178,松岗派出所
观光巴士绿线,华盛奥特莱斯
E27,万科城②
313,扬马市场
101,白石洲①
222,孖岭社康中心
328,华为单身公寓北
M506,南油地铁站②
M139,双龙地铁站①
M384,坑梓街道办
376,太宁路西
13,华新村
836,草埔地铁站
M276,东升学校
M308,双龙地铁站①
M190,市公安局①
M295,坪山大道龙坪路口
216,市妇幼保健院红荔院区（注红荔路）
236,莲花山西①
385,华新村公交总站
M213,田贝①
M393,上川地铁站
M246,洪浪北地铁站
326,岗厦北地铁站①（北侧）
M347,南山党校
334,万科城②
201,梅林阁
M272,上水径
M453,火车站西广场
M446,第三高级中学
M343,塘朗地铁站
101,岗厦北地铁站①
74,荔林地铁站
B826,宝安中心站
M269,坂田北地铁站
41,华新村公交总站
M339,民乐地铁站5
M242,南油地铁站①
M518,大新小学
M359,大运地铁站
E19,A出入口｜公明广场地铁站①
B964,登良地铁站C出口（招呼站）
高快巴士47,宝田一路地铁站
M233,深圳东站①
M527,固戍地铁站
高快巴士48,草埔地铁站
M499,华强职校
M468,广岭
306,东门中①
M398,福田党校①
B967,凤凰城地铁站
E27,万科城①
M361,坪山电子城①
372,木棉湾地铁站1
M347,南山村
61区间线,火车站西广场
M377,宝安中心站②
201,梅林三村
E12,深圳湾公园地铁站
818,龙岗中专
M326,锦龙地铁站
高峰专线150,向南东村
M173,坂田石化新村
M415,深圳东站交通枢纽公交场站
大鹏假日专线4,门诊部①
虹桥公园假日专线2,光明大街地铁站
M393,新安税务
369,侨城东地铁站
M229,坳背地铁站
M192,大芬地铁站2
978,坪山大道龙坪路口
M493,海上世界地铁站
M184,学府雅苑
M563,华乐社区
M102,福民地铁站
M473,碧海湾地铁站
M493,湾厦地铁站
M130,一层公交站台
802,坪山火车站南广场
333,民乐地铁站4
307,洪湖公园①
303,布吉中学
M373,火车站西广场
377,上海宾馆
M138,红岭北地铁站
61,火车站西广场
308,布吉中学
M393,丽景城
M233,坂田地铁站
M484,城市山林东
M588,市二医院①
高快巴士12,海滨浴场
62,上海宾馆
M300,二层公交站台
M295,深圳东站交通枢纽公交场站
M487,金海燕花园
M308,宝龙地铁站
M406,洪湖公园①
高峰专线64,坑梓地铁站
101,西丽社区②(往北)
M362,赤尾天桥
58,南航公司
351,龙城广场地铁站②
M413,深南香蜜立交①
376,田贝地铁站
104,桃源村东
光明假日专线1,凤凰城地铁站
M437,田贝①
333,市二医院①
M269,平吉大道辅岐路口
M525,光明中心站
334,桃源村东
M309,塘坑地铁站
大鹏假日专线4,深圳书城
高峰166,华侨城医院
358（快线）,荷坳地铁站
K105,群星广场
85,门诊部①
52,赤尾天桥
833,坪山大道东纵路口
223,岗厦北地铁站①
M379,翻身地铁站
高快巴士42,软件产业基地
M467,科苑地铁站
高快巴士19,福华新村
B924,盐田区政府(A站台)
M473,固戍地铁站
M454,雅颂居
M137,上海宾馆东
M291,桥头地铁站
362,黄田1
M105,南油地铁站②
M463,深圳湾公园地铁站②
M295,横岗地铁站①
M358,草埔地铁站
615,福围
63,荔枝公园
M508,东门中①
M428,百鸽笼公交接驳站
85,洪安围
M246,黄田1
104,监控中心
莞747,光明中心站
高峰专线123,新彩隧道口
M394,炳坑西区站
M402,草埔地铁站
高峰专线49,海关综合大楼
72,桃源村
357,通新岭地铁站
M240,深云村
M511303,新洲村
M347,上沙村
B821,万科大厦
M245,洪浪北地铁站
M230,奥林华府
202,市总工会公交站
12,门诊部1西行方向
M433,华丰工业区公交站②
52,高训大厦（福强路东侧）
82,人民南地铁站
M398,深圳石油大厦
M109,软件产业基地
10,黄贝岭地铁站④
75,民乐地铁站4
M392,深南香蜜立交①
73,福田区委
606,凤凰岗村
M346,南坑村
高峰94,西丽社区①(往北)
M312,香域中央花园
M229,阳光天健城
M183,红桂路口
M219,大运地铁接驳站1
M308,炳坑西区站
高快37,翰岭地铁站
M291,机场东地铁公交接驳站
M182,购物公园地铁站
高快巴士97,门诊部①
M372,南山党校
M572,一层公交站台
M446,龙岗中专
E12,深圳湾公园地铁站②
M375,宝安中心站②
M505,富豪花园
85,红岭泥岗立交
34,福田保健院
M514,桥头地铁站
62,福民地铁站
M109,深南科苑立交北
M448,坂田石化新村
M385,坂田地铁站
21,监控中心
351,大运地铁站
M479,坪山中心公园
M460,梅林三村
高快巴士23,长岭陂地铁站
M446,大运中心体育馆
M410,合水口地铁站
81,红花岭站（东行）
N4,南航公司
323,体育馆①
M151,深圳高级中学东校区
26,白石洲③
4,体育馆东
B708,西丽社区②(往北)
惠州208,吉祥地铁站①
高峰专线29,布吉中学
M265,木棉湾地铁站1
梧桐山假日专线2,深圳东站东广场
M389,振华路中
M519,上沙村②
M198,岗头地铁站
14,红岭南路1
高峰专线19,木棉湾地铁站1
M418,南山党校
62,岗厦地铁站
M358,大冲①
215,国贸①
M396,南联地铁站
M361,坪山广场地铁站
M112,民治地铁站
高峰专线150,软件产业基地
M401,火车站
M313,洪浪北地铁站
307,上水径
338,大冲①
81,南头古城
M277,龙园路口
M453,新洲村
M555,莲塘口岸②
B972,光明大街地铁站
M241,水湾地铁站
22,城市山林东
M262,新彩隧道口
M172,上沙村
101,上海宾馆东
B888,华丰工业区公交站②
E6,龙城广场地铁站①
M491,石芽岭地铁站①
M399,罗湖小学①
216,万科大厦
M318,陂头背新村
N17,通新岭地铁站
M376,宝安中心站②
381,金光华广场
M276,盛平地铁站
M411,合水口地铁站
326,桃源村
高峰专线119,塘朗地铁站
71,沙尾
M527,南头古城
M404,田贝③
317,万科城
M546,坪山火车站南广场
366,横岗地铁站①
B709,购物公园地铁站
B923,坪山中心地铁站
328,坂田北地铁站
M256,A出入口｜公明广场地铁站①
J1,岗边村①
M530,固戍地铁站
E26,黄贝岭地铁站①
M266,南联地铁站
E25,双龙地铁站①
37,红花岭站(西行)
339,深圳湾公园地铁站①
M571,沙田地铁站1
M550,碧海湾地铁站
N14,黄贝岭地铁站④
M152,火车站
高峰专线56,灵芝地铁站1
M230,石湖龙居民小组站
64,市妇幼保健院红荔院区（注红荔路）
64,红岭地铁站
M588,购物公园地铁站
202,沙尾
M307,南联地铁站
M481,万科城
8,丹竹头地铁站
385,皇岗村
49,海滨实验小学
M553,新安交警中队
M485,深圳东站②
M313,丽景城
M589,龙岗天安数码城①
M301,坂田地铁站
M377,宝安体育馆
N4,白石洲①
M459,莲花中学
M314,盐田区政府(B站台)
B821,梅林阁
833,黄阁坑地铁站
321,万科城①
M103,深圳书城
226,南油地铁站①
M112,上海宾馆
M222,翠海花园
M350,君逸世家
M165,景新花园①
M364,前海兴海路口
M434,坪山中心地铁站
M172,新洲村
E13,火车站
M361,龙田路口
M589,大芬地铁站2
240,南头古城
366,笋岗街道办
M359,六约地铁站
高快巴士48,软件产业基地
M364,莲塘口岸①
M304,尚景地铁站
E34,坑梓地铁站
14,红岭南路2
941,坪山大道龙坪路口
M445,黄贝岭地铁站①
323,翠海花园
高峰专线29,市总工会公交站
高峰专线146,龙岗天安数码城①
B685,沙尾
44,上沙村
B973,长圳地铁站
42,前海兴海路口
高峰专线81,国展地铁站①
E28,深圳北站东广场
B604,象角塘西
M403,健康花城
236,华强职校
391,民乐地铁站4
2,翠竹苑
B892,桥头地铁站
B742,深云地铁站
M312,金海燕花园
923,陂头背新村
M393,长岭陂地铁站
M335,长圳地铁站
M527,南油地铁站①
M133,岗厦北地铁站①（北侧）
M482,东门中①
63,皇岗村
E34,双龙地铁站②③
深惠3A,坪山大道龙坪路口
M555,通新岭地铁站
M172,丹竹头地铁站
M434,坪山围
高峰专线91,华强路地铁接驳站
83,翠园中学东晓校区
85,盐田区政府(A站台)
M448,白石洲②
369,南山党校
N9,翰岭地铁站
M389,体育馆东
E8,草埔地铁站
67,深圳石油大厦
M358,深圳石油大厦
M156,民治地铁站
81,西丽社区②(往南)
980,凉帽村
M239,横岗地铁站①
B683,高新园地铁站
332,西丽社区①(往南)
38,桃源村东
M317,盛平地铁站
312,洪湖公园①
M578,坂田北地铁站
高峰专线34,岗头地铁站
M318,平湖火车站（公交站）
E26,华强路地铁接驳站
328,科技园①
718,上川地铁站
10,黄贝岭地铁站①
M250,平峦山地铁站公交站
B922,宝龙地铁站
M395,新安税务
351,双龙地铁站①
M466,炳坑村站
M532,光明大街地铁站
463,赤尾天桥
高快巴士43,软件产业基地
E33,桥头地铁站
M463,红岭泥岗立交
M598,后亭地铁站
M115,雅颂居
高峰专线221,坂田交警中队
高峰专线102,富盈门站
M337,凤凰城地铁站
M485,木棉湾地铁站1
E27,华为单身公寓北
M305,双龙地铁站②③
58,协和深圳医院东
307,罗湖小学①
M112,中级法院
29,地王大厦
M133,门诊部①
高专119,岗厦北地铁站①（北侧）
B930,华强南
M291,松岗地铁站
366,岗边村①
1,田贝新村
M329,体育馆①
652,沙井地铁站
B957,渔农村站
67,华新村公交总站
41,妇儿大厦
M519,水湾地铁站
62,皇岗创新实验学校
372,福田区委
M312,梅林三村
328,星光之约
高峰专线21,雅颂居
B954,百鸽笼公交接驳站
3697,洪湖公园①
26,福田口岸公交总站
M375,宝安中心站
M283,深圳东站②
高快巴士51,软件产业基地
M486,华侨城医院南
80,新洲村
M554,大冲①
73,华强职校
M568,城市山海云汇
M359,禾花地铁站
M229,六约地铁站
395,平峦山地铁站公交站
67,孖岭社康中心
M414,岗厦北地铁站①
M267,上水径
M504,深圳北站东广场
M194,木棉湾地铁站2
303,福华新村
M500,中级法院
322,深圳东站①
369,协和深圳医院东
E1,购物公园地铁站
M393,深圳北站东广场
M376,新安税务
E7,坂田地铁站
M259,华丰工业区公交站②
高快巴士60,西乡大道西岗路口
M396,爱联地铁站
M349,公园路西一巷
M319,爱联地铁站
M485,丹竹头地铁站
E5,体育馆东
19,西丽社区②(往南)
49,高新南站
M266,六约地铁站
M234,薯田埔地铁站
E10,木古地铁站
23,华强南
73,福民新村站
B929,机场东地铁站
M347,中级法院
M291,松岗地铁换乘站1
M447,龙岗中专
M387,马安山地铁站
M313,公园路西一巷
63,笋岗街道办
E9,深南科苑立交北
E11,二层公交站台
高快巴士34,坂田北地铁站
75,二层公交站台
E25,购物公园地铁站
605,西乡大道西岗路口
高快巴士22,大冲①
802,陂头背新村
M300,南坑村
高快巴士40,岗厦北地铁站①
M383,湖贝地铁站
M447,炳坑村站
M230,双龙地铁站②③
308,盐田区政府(A站台)
M453,民治地铁站
B818,塘朗地铁站
369,金海燕花园
M399,东门⑤
M303,龙城广场地铁站②
M528,高科技中心
B729,深云村
M184,沙井地铁站
322,上沙村①
326,农林地铁站
M139,南联地铁站
M358,木棉湾地铁站1
M263,家和花园
高峰专线138,大冲①
高快巴士33,灵芝地铁站
977,田贝地铁站
B760,坪山中心公园
M360,深圳北站东广场
61,六约北地铁站
M239,东门③
M217,塘朗地铁站
17,火车站
M131,西岸花园
52,岗边村①
M343,西丽社区①(往北)
M385,星光之约
M530,华丰工业区公交站②
321,中海日辉台
M290,双拥街顺昌路口
高峰专线21,莲花中学
337,荔园大厦
M393Q,固戍地铁站
M182,协和深圳医院东
312,坂田地铁站
M386,大运中心
113,门诊部1西行方向
303,岗厦村
M478,坑梓街道办
E36,宝田一路地铁站
高快巴士81,黄阁坑地铁站
M459,红花岭站(西行)
8,木棉湾地铁站2
M105,邮轮中心总站
38,罗湖小学②
M190,门诊部1西行方向
337,鹿丹村站
326,龙井地铁站
22,蛇口港地铁站
M273,木棉湾地铁站1
102,孖岭社康中心
M357,东纵纪念馆站
M105,海上世界地铁站
M481,翰岭地铁站
B917,深圳北站东广场
371,深圳东站①
63,福田区委
B887,固戍地铁站
M448,招商发展中心
M136,沙田地铁站1
381,笋岗街道办
B896,百鸽笼公交接驳站
M402,东门③
E7,双龙地铁站②③
M394,荷坳地铁站
M589,深圳东站东广场
M439,坪山大道东纵路口
216,孖岭社康中心
B962,长富金茂大厦
P206,市总工会
高峰专线182,盐田区政府东(B站台)
M576,东纵纪念馆站
高快巴士31,购物公园地铁站
358,爱联地铁站
27,洪湖公园②
M183,少儿图书馆（注红荔路）
M133,上海宾馆东
323,体育馆东
4,市总工会
351,金光华广场
M476,高训大厦（福强路东侧）
111,黄贝岭地铁站②
E11,体育馆①
836,木棉湾地铁站1
M245,华丰工业区公交站①
M385,家和花园
M395,洪浪北地铁站
M588,深圳东站①
57,翠北小学
M498,丹竹头地铁站
M372,前海兴海路口
M191,上海宾馆
977,石芽岭地铁站①
357,木棉湾地铁站1
73,福民地铁站
M200,高新南站
M277,坪山大道东纵路口
M284,马安山地铁站
M239,深圳东站①
M500,沙尾
42,南山花园
M296,坪山围
113,海上世界地铁站
M546,坪山大道东纵路口
M242,南油地铁站②
60,福民地铁站
M277,六和地铁站
M568,华为单身公寓北
229,城市山林东
69,泥岗村北
M183,市妇幼保健院红荔院区（注红荔路）
392,白石洲③
M282,华为单身公寓北
M202,群星广场
M105,妇幼保健院红荔院区（注红荔路）
M332,机场东地铁公交接驳站
376,深圳东站①
M262,民治地铁站
332,蛇口港地铁站
366,鹿丹村站
982,南坑村
M229,大运中心体育馆
818,龙城广场地铁站②
122,荔林地铁站
34,中级法院
8,通新岭地铁站
215,门诊部1西行方向
M294,荷坳地铁站
M558,固戍地铁站
331,蛇口港地铁站
B941,松岗地铁换乘站1
M365,沙元埔
高快巴士6,上海宾馆
337,民主社区
334,深圳石油大厦
818,南联地铁站
E6,双龙地铁站②③
B928,广中医深圳医院
M379,木棉湾地铁站1
高峰专线23,中级法院
M137,华为单身公寓北
M383,坂田交警中队
专线11,木棉湾地铁站1
M474,卓越后海中心
M383,中海日辉台
M434,坑梓街道办
E28,雅颂居
43,丽山路南站（北行）
高峰专线81,会展城地铁站临时站
334,梅林三村
H199,二层公交站台
M400,荔林地铁站
M353,一层公交站台
M218,合水口地铁站
M222,白石洲②
M559,东门⑤
M588,体育馆东
M106,蛇口港地铁站
320,南头古城
12,市妇幼保健院红荔院区（注红荔路）
101,招商银行大厦①
81,红花岭站(西行)
42,大新小学
B879,沙井地铁站
977,田贝①
108,华新村公交总站
M112,火车站
M348,莲塘口岸①
M156,门诊部1西行方向
B907,香域中央花园
M363,二层公交站台
M406,木棉湾地铁站2
822,木棉湾地铁站1
M453,上沙村
M304（龙东方向）,炳坑西区站
M527Q2,固戍地铁站
B927,盐田双拥公园
M393,洪浪北地铁站
328,科技中学
38,福华新村
M301,坂田医院
高峰专线64,坪山大道东纵路口
320,坪洲地铁站
321,万科城
323,百鸽笼地铁站
74,红花岭站（东行）
M507,坪洲地铁站
M568,坂田交警中队
M556,龙城广场地铁站①
M273,深圳东站①
高快巴士20,木棉湾地铁站1
M220,宝龙地铁站
57,红岭泥岗立交
M180,坂田北地铁站
M387,学府雅苑
E27,龙城广场地铁站②
M526,洪湖公园②
M561,华侨城医院
338,科技园①
202,莲塘口岸②
M421,坂田北地铁站
2,田贝地铁站
B729,侨香地铁站
M447,岗厦北地铁站①（北侧）
深惠3A,坪山规自局
366,草埔地铁站
226,南油地铁站②
B926,长圳地铁站
M122,振华路中
M567,万科城①
M381,红山地铁站
72,龙井地铁站
M139,龙岗中专
高峰专线23,彩福大厦
B912,翰岭地铁站
2,草埔地铁站
M482,深圳戏院
85,湖贝地铁站
M476,木棉湾地铁站2
M223,雅颂居
104,龙井地铁站
N24,南山妇幼保健院
M392,招商银行大厦①
高峰专线56,黄田1
M552,沙井地铁公交接驳站
M437,海滨浴场
325,西丽社区①(往南)
956,布吉中学
M300,坂田地铁站
103,新洲村
M318,奥林华府
233,西丽社区①(往北)
高峰专线34,华为单身公寓北
M406,笋岗村牌坊
M415,布吉中学
303,洪湖公园①
M495,薯田埔地铁站
963,坪山围
122,南油西地铁站
113,岗厦北地铁站①（北侧）
E3,南油西地铁站
45,景新花园①
M347,南山花园
M229,第三高级中学
328,万科城①
629,新安税务
M385,富豪花园
高峰专线37,万科城
M568,万科城①
707,平峦山地铁站公交站
M283,丹竹头地铁站
366,赤尾天桥
324,民乐地铁站3
M546,东纵纪念馆站
M239,荷坳地铁站
M320,爱联地铁站
M577,民治地铁站
惠阳7,沙田地铁站2
滨海休闲观光假日专线,深圳湾公园地铁站②
326,皇岗口岸
M462,二层公交站台
M562,南航公司
M480,锦龙地铁站
395,白石洲②
P712,华南城地铁站
612,民乐地铁站北公交场站
27,莲塘口岸①
M300,禾花地铁站
M203,龙井地铁站
M262,中级法院
M483,南山书城地铁站②
358（快线）,吉祥地铁站②
M391,科技中学
38,人民南地铁站
M251,桥头西地铁站
M439,坪山大道龙坪路口
M361,南联地铁站
B888,碧海湾地铁站
M192,木棉湾地铁站2
M295,塘坑地铁站
B605,科苑地铁站
603,丽景城
接驳专线2,楼村
73,赤尾天桥
M562,软件产业基地
M377,洪浪北地铁站
M500,翰岭地铁站
M387,凤凰城地铁站
57,田贝地铁站
M566,长岭陂地铁站
M192,木棉湾地铁站1
M511,黄田1
M425,富盈门站
E20,坪山大道东纵路口
M239,塘坑地铁站
B604,坂田交警中队
B661,侨城北地铁站
68,盐田区政府东(B站台)
366,洪湖公园①
M265,深圳东站②
204,协和深圳医院东
204,岗厦北地铁站①
941,坪山公安分局
M326,坪山大道东纵路口
K105,华新村
M444,深圳外国语学校西
M347,福民地铁站
M463,深圳湾公园地铁站
M488,莲花中学
M300,石芽岭地铁站
B729,农林地铁站
P607,莲花山西①
E33,黄阁坑地铁站
818,黄阁坑地铁站
818,六和地铁站
高峰专线64,坪山规自局
M199,盐田区政府(A站台)
M448,招商银行大厦①
222,红岭泥岗立交
P449,市总工会
104,侨香地铁站
322,草埔地铁站
328,深南香蜜立交①
10,门诊部①
M372,南头古城
620,民乐地铁站北公交场站
E26,上海宾馆东
M346,凉帽村
M448,南坑村
高快巴士41,软件产业基地
M500,雅颂居
M361,六和地铁站
M507,城市山林东
M404,木棉湾地铁站2
M434,坪山规自局
M448,海上世界地铁站
M443,坪山规自局
高快巴士26,木棉湾地铁站1
M290,双拥街地铁站
B847,君逸世家
E23,双龙地铁站②③
E25,龙城广场地铁站①
M335,黄田1
333,坂田北地铁站
P119,通新岭地铁站
N10,福田区委
63,福田保健院
E6,广中医深圳医院
M200,南头古城
334,广中医深圳医院
M546,爱联地铁站
369,南山派出所
M131,富盈门站
M261,禾花地铁站
322,少儿图书馆（注红荔路）
M203,盛宝布澜路口
12,福田农批市场
M206,光明中心站
M191,科技园①
P759,市总工会
高峰专线37,上海宾馆东
325,西丽社区①(往北)
M497,坪山公安分局
113,海关综合大楼
高峰专线23,购物公园地铁站
M433,华丰工业区公交站①
M528,深大南站
366,坪山规自局
34,福民地铁站
979,六约北地铁站
B828,宝安体育馆
939,坪山公安分局
M460,海馨苑
9,海馨苑
203,田贝地铁站
M357,宝龙地铁站
M418,城市山林东
M418,深港创新中心（创新商务中心）
26,高训大厦（福强路西侧北）
303,上沙村②
高快巴士29,西乡大道西岗路口
甘坑小镇北门假日专线,石芽岭地铁站
M383,南坑村
57,木头龙
K578（右环）,科技园①
E32,万科城
B931,锦龙地铁站
M386,荷坳地铁站
81,南山花园
113,莲塘口岸②
M550,新安交警中队
357,六约地铁站
M280,黄阁坑地铁站
369,荔林地铁站
M398,香域中央花园
深圳观光巴士橙线,欢乐港湾
395,大冲①
M556,尚景欣园
337,南航公司
M573,双拥街地铁站
58,桃源村东
73,翠海花园
M522,新安税务
M183,田贝③
M383,兴华宾馆东公交站
M203,田贝①
高峰专线56,灵芝地铁站
M453,上沙村①
M205大站快车,金光华广场
高峰专线120,塘朗地铁站
303,福民地铁站
M440,坪山广场地铁站
M470,宝安体育馆
M300,石芽岭地铁站①
高快巴士12,市二医院①
M375,前海兴海路口
629,洪浪北地铁站
M358,深云村
320,岗厦北地铁站①（北侧）
982,星光之约
M266,石湖龙居民小组站
P799,深圳石油大厦
M559,深圳书城
M571,沙田地铁站2
3,兴华宾馆东公交站
M136,坪山围
M443,坪山广场地铁站
369,东门中①
201,福田农批市场
高快27,翰岭地铁站
M408,木棉湾地铁站1
M570,塘坑地铁站
M402,洪湖公园②
M283,草埔地铁站
M415,大芬地铁站2
B888,华丰工业区公交站①
E18,深圳石油大厦
M241,南油西地铁站
377,田贝②
深惠3A,坪山电子城①
M106,南山书城地铁站②
M409,蛇口港地铁站
M361,龙城广场地铁站①
M459,中级法院
62,福华新村
60,孖岭社康中心
M506,南油地铁站①
M279,石湖龙居民小组站
311,群星广场始发站1
328,万科城
312,上水径
M245,固戍地铁站
308,水贝地铁站
M472,地面交通中心15号门外公交车上客区
B728,深大地铁站
M304,双龙地铁站②③
82,洪湖公园②
M507,西岸花园
226,南山书城地铁站②
M568,岗头地铁站
M582,官田地铁站
85,荔枝公园
377,岗厦村
M315,陂头背新村
34,皇岗村
M312,白石洲②
B979,长圳地铁站
977,华盛奥特莱斯
M558,宝安图书馆①
M273,石芽岭地铁站
704,诺铂广场
810,第三高级中学
M152,八卦岭地铁站②
M297,坪山中心地铁站
M357,坳一村
833,坪山广场地铁站
深惠3A,坪山广场地铁站
A4,爱联地铁站
629,灵芝公园北
M309,万科城
M224,草埔地铁站
B730,一层公交站台
M507,南山党校
M360,龙岗中专
97,人民南地铁站
334,万科大厦
M207,新彩隧道口
M155,南坑村
718,泰华阳光海①
M137,华强路地铁接驳站
21,妇儿大厦
M567,中海日辉台
M282,中海日辉台
M325,坪山广场地铁站
M310,深圳东站交通枢纽公交场站
M392,科技中学
M548,合水口地铁站
M244,深圳东站东广场
E16,黄田1
73,农林地铁站
M345,西丽社区①(往北)
M203,西丽社区①(往北)
M133,兴华宾馆东公交站
218,木头龙
M380,梅沙街道办
M143,江岭路口
M155,星光之约
M530,海滨实验小学
M337,A出入口｜公明广场地铁站①
B834,凤凰岗村
308,上水径
M133,海上世界地铁站
B934,上屋地铁站
216,上海宾馆东
64,华新村
M495,合水口地铁站
303,笋岗街道办
P778,市总工会
M358,科技园①
M276,双龙地铁站②③
11,监控中心
M192,洪湖公园②
M259,新安交警中队
M255,沙浦围牌坊
22,南油西地铁站
B990,前湾地铁站
东莞209,碧头地铁站北
M300,华南城地铁站
M382,新安税务
E33,爱联地铁站
B741,健康花城
M233,木棉湾地铁站1
高快巴士47,西乡大道
M347,上沙村①
E7,龙城广场地铁站②
高峰专线124,木棉湾地铁站1
M140,东湖路
B685,福田口岸公交总站
M240,广中医深圳医院
高峰专线21,深云村
M370,新洲村
811,龙城广场地铁站①
M479,江岭路口
M521,象角塘西
M463,协和深圳医院东
213,科技中学
M498,平湖火车站（公交站）
M299,红花岭站（东行）
964,六和地铁站
478,坪山中心地铁站
M259,上川地铁站
M152,罗湖小学②
B729侨城一广场开往深云村总站,东海实验小学
303,华新村公交总站
高峰专线123,雅颂居
M138,福民地铁站
229,岗边村①
201,孖岭社康中心
M417,体育馆东
338,福围
E38,购物公园地铁站
939A,深圳高级中学东校区
M239,大运地铁站
M547,荷坳地铁站
M269,禾花地铁站
308,梅沙街道办1
M372,荔林地铁站
M383,华为单身公寓北
204,海关综合大楼
398,莲花中学
201,上梅林公交总站
M568,扬马市场
113,A出入口丨梧桐山新居
M105,蛇口港地铁站
高峰专线191,黄贝岭地铁站④
M435,岗厦北地铁站①（北侧）
M461,坂田交警中队
M578,中海日辉台
M484,南山妇幼保健院
E3,协和深圳医院东
366,六约地铁站
718,富盈门站
高快巴士33,翻身地铁站
M475,南头古城
M351,机场东地铁公交接驳站
615,华丰工业区公交站①
321,木棉湾地铁站2
M491,坂田交警中队
M415,坂田医院
351,南联地铁站
44,新洲村
M500,福田党校①
M152,地王大厦
956,草埔地铁站
377,高训大厦（福强路西侧北）
M139,大芬地铁站2
E20,体育馆①
4,市总工会公交站
M203,木棉湾地铁站1
M418,海月地铁站公交站
M428,百鸽笼地铁站
M393,富盈门站
358,洪安围
M479,坪山火车站南广场
M182,鹿丹村站
M441,福田农批市场
M470,宝安中心站
M460,深业上城总站
NA8线,深圳石油大厦
4（单环线）,通新岭地铁站
E34,坪山中心地铁站
高峰专线64,龙田路口
377,高训大厦（福强路东侧）
M296,石湖龙居民小组站
M482,翠竹苑
M459,长岭陂地铁站
M393,公园路西一巷
322,上沙村
B737,南山妇幼保健院
M427,沙田地铁站2
317,沙尾
M244,木棉湾地铁站2
308,莲塘口岸①
M283,木棉湾地铁站2
M359,龙城广场地铁站②
28,福田区委
303,上水径
M330,凤凰岗村
M491,家和花园
M239,六约地铁站
高峰专线31,富豪花园
73,鹿丹村站
M315,龙城广场地铁站①
M444,盐田区政府(B站台)
220,黄贝岭地铁站②
223,大新小学
M370,东都雅苑（公交站）
E38,深南香蜜立交①
M331,民主社区
E18,广中医深圳医院
E22,坪山电子城①
E11,广岭
322,莲花山西①
M546,坪山围
B601,蛇口港地铁站公交总站
34,福田区委
358,东升学校
高峰专线91,中级法院
M139,陂头背新村
339,福民新村站
M172,上沙村②
高峰专线34,坂田交警中队
833,坪山大道龙坪路口
E24,深圳东站交通枢纽公交场站
B689,上沙村
M406,笋岗街道办
M233,大芬地铁站2
M329,石芽岭地铁站①
M202,市总工会
M404,金光华广场
高峰专线37,华为单身公寓北
321,深圳东站①
81,前海兴海路口
高峰专线9,大冲①
71,上沙村②
214,赤尾天桥
M209,高科技中心
深惠3A,坪山围
67,龙珠四路
B940,长圳地铁站
深惠168B,沙田地铁站1
M105,华新村
N14,罗湖小学②
323,侨香地铁站
M444,盐田区政府(A站台)
M139,深圳东站交通枢纽公交场站
B685,新洲村
E15,光明大街地铁站
M348,深圳外国语学校西
M136,坪山规自局
M261,华盛奥特莱斯
313,雅颂居
M364,广中医深圳医院
M224,凉帽村
M566,星光之约
103,门诊部1西行方向
B933,沙浦围牌坊
33,福田区委
M359,塘坑地铁站
223,岗厦北地铁站①（北侧）
233,西丽社区①(往南)
308,沙头角地铁站
324,沙元埔
381,上水径
高峰专线37,民乐地铁站3
高快巴士86,丹竹头地铁站
M448,民乐地铁站3
M527Q1,华丰工业区公交站②
M202,振华路中
104,地王大厦
220,罗湖小学①
M122,民乐地铁站
高峰专线89,丹竹头地铁站
M275,双龙地铁站①
333,扬马市场
M468,A出入口丨梧桐山新居
113,白石洲②
高快巴士60,岗厦北地铁站①
B930,爱华市场公交站
M241,南山妇幼保健院
303,群星广场始发站1
M364,深圳石油大厦
B607,高科技中心
M296,罗谷居民小组
M448,南油地铁站①
M397,马安山地铁站
M547,石芽岭地铁站
M488,民乐地铁站3
323,深圳东站①
M109,深大地铁站
高峰专线81,深圳国际会展中心①
941,坪山广场地铁站
66,西丽社区②(往南)
M460,福田农批市场
M528Q,固戍地铁站
低碳城假日专线,尚景欣园
303,少儿图书馆（注红荔路）
339,上沙村
14,雅颂居
202,皇岗村
M250,富盈门站
E23,灵芝地铁站
N4,兴华宾馆东公交站
27,田贝①
M136,坪山电子城①
M197,公园路西一巷
B821,翰岭地铁站
M428,布吉中学
29,翠园中学东晓校区
M372,科技园①
328,白石洲②
B957,福保海关宿舍站
E22,坪山广场地铁站
833,荷坳地铁站
615,华丰工业区公交站②
322,新洲村
M537,沙元埔
392区间线,西丽社区①(往南)
M347,家和花园
M475,留仙洞地铁站
高峰专线8,坪山大道龙坪路口
M437,民乐地铁站
M249,宝安税务局
M309,横岗地铁站①
E27,万科城
862,黄阁坑地铁站
97,火车站
M554,红花岭站（东行）
M106,海上世界地铁站
M595,锦龙地铁站
223,上海宾馆
366,锦龙地铁站
113,南油地铁站②
M361,坪山大道龙坪路口
M194,福华新村
M243,西丽社区①(往南)
高峰专线221,岗厦北地铁站①
M191,沙头角地铁站
高快巴士39,万科城
莞781,康乐五区
316,上屋地铁站
M335,凤凰城地铁站
M312,梅林三村东
225,华新村
M565,木棉湾地铁站1
81,长岭陂地铁站
E27,坂田地铁站
M386,东升学校
3,东门中①
326,华侨城医院
M210,宝田一路地铁站
M454,购物公园地铁站
N6,海馨苑
莞781,四联地铁站
高峰专线149,长圳地铁站
979,华南城地铁站
377,福华新村
E8,富豪花园
M554,红花岭站(西行)
B760,坪山广场地铁站
M133,莲塘口岸②
977,石芽岭地铁站
M122,翰岭地铁站
M521,坂田地铁站
E37,港大医院总站
939B,罗谷居民小组
395,丽景城
E34,坪山广场地铁站
高快巴士26,上海宾馆东
B917A,民治地铁站
M266,吉祥地铁站②
202,上沙村②
M443,六和地铁站
M183,深圳东站①
977,草埔地铁站
M421,木棉湾地铁站1
M269,华南城地铁站
321,万科城②
978,坪山中心地铁站
M364,南头古城
M418,梦海地铁站
B761,沙田地铁站2
N27,海月地铁站2公交站
M139,奥林华府
28,赤尾天桥
B957,福田口岸公交总站
E26,盐田区政府(B站台)
M414,海关综合大楼
37,南山妇幼保健院
E8,万科城
M383,万科城②
E17,深圳高级中学东校区
73,景新花园②
M547,中海日辉台
M973,宝安中心站②
M527,华丰工业区公交站①
339,深圳湾公园地铁站
M182,莲塘口岸②
M392,金海燕花园
M241,南航公司
322,华强职校
12,国贸①
高快26,木棉湾地铁站1
高峰专线23,岗厦地铁站
M330,坪洲地铁站
M220,炳坑西区站
M391,沙元埔
M447,奥林华府
B924,盐田区政府东(B站台)
M300,坂田石化新村
高峰104,西丽社区②(往北)
23,皇岗口岸
M483,南山派出所
M505,扬马市场
高快巴士21,固戍地铁站
21,白石洲①
高峰专线29,市总工会
M322,宝龙地铁站
727,黄田1
B641,泰华阳光海①
M221,万科城
M317,大运中心体育馆
B873,尚景地铁站
M448,岗厦北地铁站①
E5,黄阁坑地铁站
高峰专线165,大冲①
M190,草埔地铁站
B925,深圳外国语学校西
E33,大运地铁站
B632,塘尾地铁站
320,岗厦北地铁站①
M598,松岗地铁站
M250,君逸世家
M387,地面交通中心15号门外公交车上客区
P206,通新岭地铁站
高峰专线166,桃源村
779,民主社区
603,上川地铁站
226,蛇口港地铁站
M414,布吉中学
M483,翻身地铁站
M244,坂田北地铁站
12,群星广场始发站1
M389,福民新村站
19,西丽社区②(往北)
M159,沙井地铁站
M105,南油地铁站①
320,深业上城总站
M250,上川地铁站
81,西丽社区②(往北)
82,百鸽笼公交接驳站
323,木棉湾地铁站1
M182,灵芝地铁站1
M263,坂田石化新村
M222,科技园①
M329,田贝②
963,坪山广场地铁站
339,中级法院
M103,上海宾馆
324,深南香蜜立交①
M105,深圳湾公园地铁站①
M312,白石洲③
64,购物公园地铁站
75,红岭南路1
M198,体育馆东
M433,新洲村
M197,灵芝地铁站
204,白石洲①
M482,翠北实验小学
328,华侨城地铁站
M265,平吉大道辅岐路口
M250,灵芝地铁站
52,高训大厦（福强路西侧北）
M132,上海宾馆东
M103,岗厦北地铁站①
866,新安税务
M250,宝田一路地铁站
甘坑客家小镇假日专线2,甘坑地铁站
M434,坪山广场地铁站
M217,红花岭站(西行)
303,市妇幼保健院红荔院区（注红荔路）
M154,丹竹头地铁站
M497,坪山中心公园
322,笋岗村牌坊
10,市公安局①
M561,龙珠四路
高快巴士29,深圳石油大厦
8,市总工会公交站
M405,深圳北站东广场
M245,上川地铁站
12,罗湖小学②
M361,坪山中心地铁站
83,木头龙
M589,石芽岭地铁站
12,扬马市场
B935,坪山中心地铁站
M371,富盈门站
M103,高训大厦（福强路东侧）
M309,岗头地铁站
38,岗厦地铁站
E19,科苑地铁站
791,官田地铁站
234,南山村
M220,黄阁坑地铁站
M299,红花岭站(西行)
M408,草埔地铁站
M377,君逸世家
377,草埔地铁站
B611,翠海花园
M361,坪山规自局
M326,坪山广场地铁站
M154,平吉大道辅岐路口
26,侨城东地铁站
326,岗厦北地铁站①
M394,南联地铁站
63,皇岗创新实验学校
高快巴士60,招商银行大厦②
M296,坪山公安分局
M379,诺铂广场
60,皇岗创新实验学校
26,高训大厦（福强路东侧）
M203,广中医深圳医院
M259,华丰工业区公交站①
高峰专线150,长岭陂地铁站
高快巴士33,凤凰城地铁站
高峰93,西丽社区①(往北)
M439,坪山广场地铁站
M176,留仙洞地铁站
高峰专线31,坂田地铁站
104,桃源村
B964,蔚蓝海岸三期
M371,福围
M304（（爱联方向））,炳坑西区站
M379,宝安图书馆①
M596,光明大街地铁站
338,固戍地铁站
M379,新安税务
201,龙井地铁站
M267,象角塘西
M417,市二医院①
M440,坪山中心公园
B666,福田农批市场
M468大站快车,莲塘口岸②
303,高训大厦（福强路西侧北）
14,上海宾馆
E17,锦龙地铁站
E25,红岭北地铁站
M250,公园路西一巷
M463,岗边村①
939,东纵纪念馆站
E34,石湖龙居民小组站
M268,木棉湾地铁站1
322,木棉湾地铁站2
26,上沙村②
M343,二层公交站台
M448,蛇口港地铁站
70,白石洲①
113,上海宾馆
12,市公安局①
57,翠北实验小学
M389,岗厦村
M519,深圳湾公园地铁站
38,景新花园②
B942,凤凰城地铁站
43,长岭陂地铁站
226,水湾地铁站
高峰专线33,华为单身公寓北
M210,平峦山地铁站公交站
M589,上李朗地铁站
M224,甘坑地铁站
M361,沙田地铁站1
旅游观光巴士（紫线）,红山地铁站
8,鹿丹村站
85,黄贝岭地铁站②
M554,高科技中心
M413,科技园①
372,岗边村①
M482,腾邦大厦
218,孖岭社康中心
303,招商银行大厦①
M350,宝安中心站
M402,田贝②
223,黄贝岭地铁站④
M203,体育馆①
392区间线,西丽社区①(往北)
M255,松岗地铁换乘站1
M390,福田区委
45,深大地铁站
M294,锦龙地铁站
M547,六约地铁站
E23,龙城广场地铁站②
372,赤尾天桥
M578,华为单身公寓北
高峰专线56,灵芝公园北
323,市二医院①
M535,白石洲③
M380,丹竹头地铁站
357,塘坑地铁站
338,华丰工业区公交站②
M205,盐田北综合车场
M420,红山地铁站
高快巴士20,东门③
M402,石芽岭地铁站
高峰专线124,凤凰城地铁站
1,东门③
高峰专线150,桃源村东
218,万科大厦
M133,深圳书城
M386,盛平地铁站
M403,洪湖公园①
4,通新岭地铁站
M383,上海宾馆东
M434,坪山大道龙坪路口
M390,福田农批市场
假日专线1,君逸世家
M106,岗厦北地铁站①
73,高训大厦（福强路东侧）
707,宝田一路地铁站
M466,荷坳地铁站
58,海滨实验小学
358,荷坳地铁站
M237,机场东地铁公交接驳站
69,莲塘口岸①
B948,民主社区
高峰专线37,富豪花园
B928,福田农批市场
M180,丹竹头地铁站
M221,富豪花园
371,草埔地铁站
M193,红花山地铁站
M553,君逸世家
M440,坪山火车站南广场
K105,华新村公交总站
M505,坂田北地铁站
高峰专线119,华侨城医院
339,新洲村
M358,深圳东站②
325,高科技中心
B971,凤凰城地铁站
203,东门⑤
M430,海月地铁站2公交站
M520,沙头角地铁站
M266,大运地铁站
E34,南联地铁站
M433,固戍地铁站
M383,五和雅南路口
222,竹子林①
213,福田公交枢纽站公交信息
381,丽都酒店①
M555,市政大厦
201,南山公安分局②
高峰专线43,西丽法庭②站
323,枫丹雅苑②
M347,五和雅南路口
M463,下沙②
M555,深圳城市学院
104,珠光地铁站①
M182,新围村站
334,阳光粤海大厦
226,九祥岭②站
M521,福田公交枢纽站公交信息
M382,西乡地铁站
M208,永湖地铁站
M396,东海丽景花园
M205,盐田港西地铁站①
高峰专线40,竹子林①
高峰专线31,杨美地铁站
26,下沙①
612,五和雅南路口
假日专线,福田公交枢纽站公交信息
E23,宝安桃源居站
M202,深圳城市学院
高快巴士28,枫丹雅苑①
36,众冠花园站
303,下水径
M205,春风万佳
M447,香蜜湖②
818,马峦派出所
高峰专线139,玉泉南山路口
M519,下沙①
高快巴士29,银湖汽车总站
B630,西乡地铁站
B901,圳美路口
M199,怡景花园
122快线,南方科技大学医院站
M520,下沙①
B925,盐田医院盐田院区
M203,珠光地铁站②
19,西丽法庭②站
216,梅林一村1
M473,凯旋城
M372,九祥岭②站
70,竹子林①
B797,九祥岭①
392,西丽法庭①站
M191,周大福大厦
M465,盐田海鲜街路口1
26,竹子林①
223,香蜜湖①
49,丽山路北
M246,西乡交管所1站
324,梅林一村1
395,宝安桃源居站
603,宝安桃源居站
M512,松岗人民医院南站
97,丽都酒店①
M458,招商依山郡
M437,周大福大厦
818,龙东社区站
M266,龙东汽车站
71,益田村
104,九祥岭②站
395,西乡交管所1站
高峰专线191,荷花市场
42,世界之窗①
M448,竹子林②
226,玉泉南山路口
325,九祥岭②站
M301,杨美地铁站
M358,宝安桃源居站
M131,兴东地铁站
222,市政大厦2
M196,盐田海鲜街路口1
高峰专线166,九祥岭②站
M394,永湖地铁站
M369,丽山路北
325,西丽法庭①站
215,市政大厦
M524,杨美地铁站
M279,坪山汽车站公交站
M454,银湖汽车总站
M203,珠光地铁站①
B708,西丽法庭①站
高峰专线34,深港产学研基地
M245,宝安人民医院站
M312,竹子林②
M357,燕子湖地铁站
高峰专线172,宝安人民医院站
316,枫丹雅苑②
22,中山公园东门
M156,市检察院②
M492,九祥岭①站
M417,杨美地铁站
M539,西丽法庭①站
101,西丽法庭②站
201,玉泉南山路口
818,坪山汽车站公交站
E36,西乡交管所1站
M276,爱地花园
高峰专线43,九祥岭②站
M266,龙东社区站
316,市政大厦2
201,梅林一村
334,珠光地铁站①
M550,新安地铁站
高峰专线91,四季花城①
321,杨美地铁站
68,东海丽景花园
52,怡景地铁站①
915,大东城公交站
E12,阳台山东地铁站
高峰专线21,深港产学研基地
M299,西丽法庭②站
229,下沙②
M446,爱地花园
M205大站快车,文锦南路
60,梅林一村1
E12,下沙②
大浪时尚小镇阳台山地铁站定制线,阳台山东地铁站
E36,阳台山东地铁站①
64,福田公交枢纽站公交信息
323,枫丹雅苑①
M491,四季花城①
M369,众冠花园站
M206,兴东地铁站
M197,九祥岭②站
982,五和地铁站
M393,南方科技大学医院站
818,燕子湖地铁站
M221,福田公交枢纽站公交信息
234,竹子林①
M480,坪山汽车站公交站
M191,盐田港西地铁站①
M554,众冠花园站
718,宝安人民医院站
M176,九祥岭①
M343,西丽法庭①站
高峰专线119,竹子林①
325,圳美路口
M447,杨美地铁站
17,荷花市场
M434,坪山汽车站公交站
66,九祥岭②站
M102,罗湖税务局②
M437,怡景地铁站①
M465,东海丽景花园
旅游5线,福田公交枢纽站公交信息
高快巴士53,深港产学研基地
338,竹子林②
316,西丽法庭①站
B867,嶂背地铁站
13,荷花市场
M361,招商依山郡
M414,福田公交枢纽站公交信息
M178,溪头地铁站
M554,西丽法庭①站
高峰专线43,西丽法庭①站
M526,怡景地铁站①
M535,西丽法庭①站
326,九祥岭②站
M556,爱地花园
M196,盐田港西地铁站①
316区间,九祥岭②站
M191,世界之窗①
M535,公交接驳站
226,中山公园东门
M312,梅林一村
M239,永湖地铁站
M133,下沙①
M521,五和地铁站
M317,爱地花园
312,下水径
M383,五和地铁站
P364,梅林一村
M596,圳美地铁站
M415,下水径
M182,兴东地铁站
E9,深港产学研基地
E13,下沙②
高峰专线3,世界之窗①
M380,东海丽景花园
云海专线A,盐田海鲜街路口2
E7,杨美地铁站
104,荷花市场
M194,下沙①
M102,怡景花园
罗湖公安分局,公交站名
B908,元芬地铁站
M393,新围村站
M565,下水径
5,市检察院②
B928,枫丹雅苑①
307,下水径
980,下水径
M279,燕子湖地铁站
M459,新围村站
M266,永湖地铁站
M296,龙东汽车站
M488,西丽法庭①站
64,下沙①
M356,圳美地铁站
高峰专线113,圳美路口
M182,下沙②
高峰专线18,福田公交枢纽站公交信息
104,九祥岭①站
369,丽都酒店①
M210,宝安桃源居站
104,枫丹雅苑①
M102,怡景地铁站①
5,银湖汽车总站
322,福田公交枢纽站公交信息
M435,竹子林②
M263,五和雅南路口
66,九祥岭①站
326,西丽法庭①站
43,公交接驳站
M426,大东城公交站
21,世界之窗①
M155,五和雅南路口
351,永湖地铁站
M441,香蜜二村
113,香蜜湖①
216,梅林一村
M347,下沙①
M520,周大福大厦
223,世界之窗①
M340,元芬地铁站
27,A1、A2出入口丨鹏基工业区
358,盐田医院盐田院区
222,市检察院②
M103,益田村
M182,文锦南路
摩天轮假日接驳线,新安地铁站
西湾公园假日专线1,凯旋城
大梅沙假日专线1（周末节假日运营）,盐田港西地铁站
215,香蜜二村
325A,西丽法庭①站
M462,元芬地铁站
M361,坪山汽车站公交站
高峰专线62,南山公安分局②
M250,宝安桃源居站
21,市政大厦
M486,世界之窗①
229,荷花市场
M564,马峦派出所
M458,爱地花园
37,玉泉南山路口
M314,永湖地铁站
69,文锦中学
M355,宝安桃源居站
E3,圳美地铁站
M165,竹子林②
M222,玉泉南山路口
M398,枫丹雅苑②
云海专线A,盐田海鲜街路口1
B811,坪山汽车站公交站
391,五和雅南路口
M206,宝安人民医院站
377,益田村
高峰专线22,深港产学研基地
235,西丽法庭①站
M203,九祥岭②站
M566,五和地铁站
M468,A1、A2出入口丨鹏基工业区
M176,中山公园东门
M444,东海丽景花园
324,中山公园东门
362,益田村
67Q,西丽法庭②站
M103,怡景花园
37,中山公园东门
M373,荷花市场
718,新安地铁站
M414,下水径
M103,下沙①
M295,永湖地铁站
97,文锦中学
M466,永湖地铁站
M205,文锦南路
M379,兴东地铁站
M433,竹子林②
M492,前海合作区
M359,龙东社区站
218,新秀小学
M203,西丽法庭①站
M361,愉园地铁站
E34,坪山汽车站公交站
M469,宝安人民医院站
M533,五和雅南路口
939,坪山汽车站公交站
高快巴士40,竹子林②
N4,世界之窗①
M415,阳台山东地铁站
高快巴士42,深港产学研基地
M506,中山公园东门
83,文锦中学
M246,宝安桃源居站
21,竹子林①
101,九祥岭②站
M425,中山公园东门
73,景田沃尔玛
M379,阳台山东地铁站
13,罗湖税务局②
N4,竹子林①
M206,凯旋城
113,世界之窗①
308,下水径
E6,福田公交枢纽站公交信息
M230,爱地花园
M151,马峦派出所
M151,燕子湖地铁站
68,盐田医院盐田院区
201,梅林一村1
M361,龙东社区站
34,下沙②
M169,枫丹雅苑①
M392,福田公交枢纽站公交信息
高峰专线36,公交接驳站
317,福田公交枢纽站公交信息
高峰专线166,珠光地铁站②
M105,下水径
M556,愉园地铁站
M378,兴东地铁站
328,五和雅南路口
381,文锦南路
N90,世界之窗①
M521,五和雅南路口
81,西丽法庭②站
325,深港产学研基地
M191,竹子林②
M195,坪山汽车站公交站
M314,盐田港西地铁站①
M462,阳台山东地铁站
606,宝安人民医院站
E5,香蜜二村
85,市检察院②
218,怡景地铁站①
215,市政大厦2
高峰专线8,大东城公交站
M389,深圳城市学院
B925,盐田海鲜街路口1
337,下沙②
236,下沙①
M199,周大福大厦
201,珠光地铁站①
M385,杨美地铁站
E4,福田公交枢纽站公交信息
308,怡景地铁站①
M348,盐田海鲜街路口1
M193,元芬地铁站
M234,珠光地铁站②
M490,圳美路口
M205,丽都酒店①
M459,九祥岭①
113,怡景花园
226,西丽法庭②站
122,众冠花园站
M369,西丽法庭①站
M176,南山公安分局②
69,文锦南路
M263,五和地铁站
M209,白石科苑路口
M359,永湖地铁站
M415,五和地铁站北
M488,南方科技大学医院站
M491,五和地铁站
122,南方科技大学医院站
73,福田公交枢纽站公交信息
802,龙东社区站
E16,兴围人行天桥1
M103,怡景地铁站①
M341,元芬地铁站
M420,阳台山东地铁站
316区间,西丽法庭①站
316,枫丹雅苑①
高快巴士28,枫丹雅苑②
M343,玉泉南山路口
M348,怡景花园
M415,杨美地铁站
M550,凯旋城
M296,坪山汽车站公交站
高峰专线29,市检察院②
83,文锦南路
M349,中山公园东门
B968,竹子林①
M564,燕子湖地铁站
M492,西丽法庭②站
M415,元芬地铁站
M271,下水径
220,新秀小学
E26,春风万佳
621,五和雅南路口
高峰专线31（M511）,竹子林②
M380,盐田医院盐田院区
M520,福田公交枢纽站公交信息
B888,西乡地铁站
M460,梅林一村
11,罗湖税务局②
358,永湖地铁站
325Q,西丽法庭①站
高快巴士14,下沙①
7,梅林一村1
M369,西丽湖地铁站
K578（左环）,福田公交枢纽站公交信息
M555,市政大厦2
M520,下沙②
M182,文锦中学
69,新秀小学
M444,周大福大厦
M389,建艺大厦①
M396,盐田医院盐田院区
M426,燕子湖地铁站
101,香蜜湖①
M398,枫丹雅苑①
324,梅林一村
M267,下水径
369,下沙①
M213,罗湖税务局②
M294,马峦派出所
M376,兴东地铁站
B736,西丽湖地铁站
M357,坪山汽车站公交站
613,兴东地铁站
M458,愉园地铁站
M312,世界之窗①
M233,阳台山东地铁站
M294,燕子湖地铁站
M178,松岗人民医院南站
328,四季花城①
M488,竹子林①
M417,福田公交枢纽站公交信息
67,九祥岭②站
2,文锦南路
M301,阳台山东地铁站
B928,枫丹雅苑②
36,丽山路北
19,珠光地铁站①
M547,永湖地铁站
M193,阳台山东地铁站
M437,怡景花园
M279,马峦派出所
377,福田公交枢纽站公交信息
M441,龙塘
M317,愉园地铁站
M199,盐田港西地铁站①
M398,五和地铁站北
高快巴士47,西乡交管所1站
M282,五和雅南路口
323,景田沃尔玛
E16,阳台山东地铁站①
101,竹子林①
M271,四季花城①
5,文锦中学
高快巴士47,宝安桃源居站
M392,香蜜二村
M205,盐田海鲜街路口1
113,怡景地铁站①
高峰专线49,珠光地铁站①
605,宝安人民医院站
M347,益田村
M234,珠光地铁站①
M276,愉园地铁站
B929,星航华府微巴场站
M418,前海合作区
M207,怡景花园
M137,福田公交枢纽站公交信息
高峰专线34,阳光粤海大厦
M429,西丽法庭①站
234,前海合作区
M109,西丽法庭①站
366,永湖地铁站
E34,阳台山东地铁站
122,玉泉南山路口
21,中山公园东门
M352,阳台山东地铁站
M481,五和雅南路口
326,香蜜湖②
高峰专线150,深港产学研基地
M479,大东城公交站
14,北斗小学
M554,深港产学研基地
316,市政大厦
M392,香蜜湖②
M172,文锦南路
M391,竹子林②
M210,西乡交管所1站
N14,新秀小学
M282,五和地铁站
104,枫丹雅苑②
75,建艺大厦①
332,西丽法庭①站
M348,东海丽景花园
M199,怡景地铁站①
202,福田公交枢纽站公交信息
B827,兴围人行天桥1
M213,香蜜湖①
M492,九祥岭①
M317,招商依山郡
978,坪山汽车站公交站
101,世界之窗①
235,南方科技大学医院站
303,福田公交枢纽站公交信息
M109,西丽法庭②站
67,西丽法庭②站
M300,五和雅南路口
K578（右环）,福田公交枢纽站公交信息
M325,大东城公交站
莞747,圳美地铁站
73,枫丹雅苑①
M385,众冠花园站
E17,春风万佳
615,宝安人民医院站
M207,怡景地铁站①
M233,杨美地铁站
M348,怡景地铁站①
66,公交接驳站
M197,九祥岭①
高快巴士26,福田公交枢纽站公交信息
68,周大福大厦
M393,兴东地铁站
高快巴士26,春风万佳
M474,珠光地铁站②
308,盐田港西地铁站①
882,阳台山东地铁站①
72,珠光地铁站②
395,公交接驳站
M246,宝安人民医院站
M196,盐田海鲜街路口2
M105,下沙①
218,荷花市场
M244,阳台山东地铁站
M312,枫丹雅苑①
B904,宝安人民医院站
E26,下沙①
M546,大东城公交站
M290,盐田医院盐田院区
M392,龙塘
M205,盐田渔民新村
624,阳台山东地铁站
M342,五和地铁站
381,下水径
M383,新秀小学
高峰专线49,竹子林②
M459,众冠花园站
高峰专线103,周大福大厦
718,凯旋城
M197,新围村站
M345,西丽法庭①站
M235,新安地铁站
E34,龙东社区站
E40,阳台山东地铁站
莞747,圳美路口
M346,五和雅南路口
E36,宝安桃源居站
E27,杨美地铁站
M279,龙东社区站
M197,南方科技大学医院站
高峰专线128,白石科苑路口
B927,东海丽景花园
223,怡景地铁站①
高峰专线166,西丽法庭①站
高快巴士16,下沙①
52,怡景花园
M343,中山公园东门
629,兴围人行天桥1
M157,新安地铁站
M559,福田公交枢纽站公交信息
204,竹子林①
23,市检察院②
M338,兴东地铁站
M133,新秀小学
B611,福田公交枢纽站公交信息
M435,公交接驳站
E39,西丽法庭①站
205,东海丽景花园
M173,福田公交枢纽站公交信息
E26,福田公交枢纽站公交信息
M535,九祥岭②站
M445,文锦南路
B982,周大福大厦
M213,福田公交枢纽站公交信息
小梅沙假日专线1,东海丽景花园
高快巴士40,竹子林①
324,香蜜湖②
M521,四季花城①
57,怡景地铁站①
M389,华发大厦②
M447,竹子林②
高快巴士33,兴东地铁站
B923,大东城公交站
74,众冠花园站
236,银湖汽车总站
122快线,众冠花园站
612,五和地铁站
90,世界之窗①
906,永湖地铁站
M136,坪山汽车站公交站
高快巴士70,竹子林①
85,新秀小学
612,四季花城①
M548,阳台山东地铁站
高峰专线31,宝安桃源居站
111,新秀小学
328,龙塘
M396,永湖地铁站
M461,五和地铁站
高快巴士43,深港产学研基地
B614,银湖汽车总站
高快巴士70,下沙①
381,文锦中学
939,马峦派出所
326,珠光地铁站①
M446,愉园地铁站
M465,盐田医院盐田院区
M217,九祥岭②站
M448,五和地铁站
M105,市检察院②
E3,圳美路口
E6,龙东社区站
高快16,福田公交枢纽站公交信息
M299,众冠花园站
N8,西丽法庭②站
P364,枫丹雅苑②
E06,下沙①
M368,坪山汽车站公交站
高峰专线62,中山公园东门
81,众冠花园站
M205,周大福大厦
M362,周大福大厦
M400,西乡地铁站
M304,龙东社区站
高快巴士26,下沙①
M350,宝安桃源居站
M305,龙东汽车站
M172,文锦中学
云海专线C,盐田海鲜街路口1
高快巴士25,福田公交枢纽站公交信息
M475,中山公园东门
111,罗湖税务局②
M277,龙东社区站
B924,周大福大厦
M392,竹子林②
P364,枫丹雅苑①
M460,丽山路北
222,香蜜二村
7,梅林一村
高峰专线31,西乡交管所1站
M312,枫丹雅苑②
M355,西乡交管所1站
M106,下沙①
M182,九祥岭①
M559,下沙②
M346,五和地铁站
M350,西乡交管所1站
M173,四季花城①
高峰专线92,深港产学研基地
M120,益田村
M230,招商依山郡
高峰专线138,玉泉南山路口
M383,建艺大厦②
M539,南方科技大学医院站
23,怡景花园
63,下沙①
M230,龙东社区站
M446,招商依山郡
316,九祥岭②站
B666,龙塘
P364,梅林一村1
M488,五和雅南路口
60,梅林一村
66,西丽法庭②站
358,东海丽景花园
高快巴士70,福田公交枢纽站公交信息
M370,阳台山东地铁站
113,竹子林①
B987,圳美地铁站
M500,益田村
E36,阳台山东地铁站
M448,香蜜湖②
M383,四季花城①
M361,爱地花园
M304,龙东汽车站
M176,南方科技大学医院站
M205,文锦中学
NA1,竹子林①
M173,五和地铁站北
M560,兴东地铁站
M383,华发大厦①
M447,福田公交枢纽站公交信息
M378,阳台山东地铁站
M513,松岗人民医院南站
M377,兴东地铁站
316Q,西丽法庭①站
B928,景田沃尔玛
339,益田村
223,竹子林①
E38,香蜜湖②
M492,中山公园东门
M290,东海丽景花园
49,福田公交枢纽站公交信息
73,枫丹雅苑②
M385,五和雅南路口
M460,梅林一村1
M550,宝安人民医院站
605,兴东地铁站
101,九祥岭①站
M444,盐田医院盐田院区
334,梅林一村1
229,丽都酒店①
14,丽都酒店①
70,世界之窗①
19,众冠花园站
B980,松岗人民医院南站
M382,兴东地铁站
M429,南方科技大学医院站
M377,西乡地铁站
M263,四季花城①
201,中山公园东门
320,公交接驳站
26,世界之窗①
M539,西丽法庭②站
320,竹子林②
334,梅林一村
939,燕子湖地铁站
高峰专线62,珠光地铁站②
小梅沙假日专线1,盐田医院盐田院区
M298,玉泉南山路口
M325,坪山汽车站公交站
392,九祥岭②站
B909,荷花市场
M563,永湖地铁站
E34,阳台山东地铁站①
337,兴围人行天桥1
229,文锦中学
高峰专线43,阳台山东地铁站
M169,枫丹雅苑②
M437,盐田港西地铁站①
M246,凯旋城
M363,杨美地铁站
57,荷花市场
高峰专线56,珠光地铁站②
M518,兴东地铁站
M356,圳美路口
104,景田沃尔玛
M196,周大福大厦
M156,丽都酒店①
M176,新围村站
M566,五和雅南路口
M556,招商依山郡
M528,白石科苑路口
75,华发大厦②
74,西丽法庭②站
M277,坪山汽车站公交站
M272,下水径
964,坪山汽车站公交站
N6,竹子林①
M207,罗湖税务局②
高峰专线433,下沙①
B631,兴东地铁站
B906,阳台山东地铁站①
E12,阳台山东地铁站①
B865,杨美地铁站
M520,盐田港西地铁站①
M209,阳光粤海大厦
M393Q,南方科技大学医院站
高快巴士50,深港产学研基地
M395,兴东地铁站
M262,阳台山东地铁站
M310,阳台山东地铁站
226,九祥岭①站
M448,五和雅南路口
308,周大福大厦
17,怡景花园
M372,西丽法庭①站
高峰专线56,兴东地铁站
M443,坪山汽车站公交站
718,西乡地铁站
M312,梅林一村1
M357,马峦派出所
M137,五和地铁站
939,大东城公交站
高峰专线191,怡景地铁站①
高峰专线62,竹子林①
205,盐田医院盐田院区
M348,盐田医院盐田院区
M555,建艺大厦①
M176,九祥岭①站
M400,招商港务
高快巴士25,竹子林②
高峰专线116,阳台山东地铁站
707,西乡交管所1站
M470,桃源居中澳学校站
M197,兴东地铁站
M296,龙东社区站
B708,南方科技大学医院站
M109,南方科技大学医院站
316,景田沃尔玛
M345,九祥岭②站
97,文锦南路
M4926,九祥岭①
M572,杨美地铁站
E37,下沙①
M487,世界之窗①
M115,福田公交枢纽站公交信息
M137,四季花城①
21,香蜜二村
M393,众冠花园站
高峰专线138,中山公园东门
M413,竹子林②
B925,东海丽景花园
36,西丽法庭②站
B685,益田村
332,九祥岭②站
B621,新秀地铁站
NE26,下沙①
E19,西丽法庭①站
14,文锦中学
M343,众冠花园站
M555,华发大厦②
M528,阳光粤海大厦
M271,五和地铁站
M157,南医大深圳医院
5,丽都酒店①
334,深港产学研基地
222,市政大厦
M235,凯旋城
316,龙塘
381,新秀小学
316A,西丽法庭①站
N4,香蜜湖①
235,竹子林①
M470,西乡地铁站
M385,西丽法庭①站
362,兴围人行天桥1
882,阳台山东地铁站
NE26,福田公交枢纽站公交信息
M183,竹子林②
104,西丽法庭②站
392,公交接驳站
26,益田村
新福市场1）,中粮创芯公园北（原
M341,阳台山东地铁站①
83,丽都酒店①
B963,圳美路口
M494,松岗人民医院南站
高快巴士86,丹竹头地铁站
M498,丹竹头地铁站
M380,六约地铁站
甘坑小镇北门假日专线,丹竹头地铁站
B898,丹竹头地铁站
高峰专线17,双龙地铁站②③
M190,六约地铁站
E40,大新小学
979,六约地铁站
高峰专线18,招商银行大厦③
高快巴士60,深南香蜜立交①
323,八卦岭五街
高峰专线121,合水口地铁站
高快巴士3,民乐地铁站
M361,平湖火车站（公交站）
M480,六和地铁站
高峰专线92,科苑地铁站
979,新木小学
高峰专线29,通新岭地铁站
莞747,中大地铁站
莞747,深理工地铁站
N7（停运）,东门中①
高峰专线18,香蜜湖②
B965,钟屋南地铁站（南行）
高峰专线62,香蜜湖①
M169,景田沃尔玛
M512,溪头地铁站
M555,怡景地铁站①
M567,万科城②
M140,布心花园
M143,东纵纪念馆站
高峰专线56,新安税务
M567,万科城
M555,振华路中
高峰专线56,洪浪北地铁站
高峰专线33,莲塘口岸②
M138,红岭泥岗立交
122,群星广场
高峰专线21,福田党校①
高峰专线149,长圳地铁站
M140,市慢性病防治院
高快巴士,科技中学
高峰专线29,红岭泥岗立交
高峰专线29,岗厦地铁站
M155,南坑村
高快巴士12,怡景地铁站①
NE26,春风万佳
M156,春风万佳
M183,竹子林②
M182,春风万佳
M123,竹子林①
M172,春风万佳
M555,荷花市场
