id,chinese_name,name,district,intro
1,爱联,Ailian,龙岗区,爱联站（Ailian Station）是中国广东省深圳市境内地铁车站，位于中国广东省深圳市龙岗区境内，是深圳市地铁集团有限公司管理运营的地铁车站，也是深圳地铁3号线中间站 。爱联站于2010年12月28日投用运营，通行深圳地铁3号线 。据2023年3月深圳地铁官网显示，爱联站共开通4个出入口，工作日运营时间为06:14至次日00:03，休息日运营时间为06:17至次日00:02，节假日运营时间为06:17至次日01:02 。
2,机场,Airport,宝安区,机场站是深圳地铁11号线的一座车站，位于中国广东省深圳市深圳宝安国际机场航站楼及交通中心北侧为，在T3航站楼地下，在航站楼南侧为机场交通中心，交通中心南侧规划为景观空地。乘客可出站通过通道换乘穗深城际铁路深圳机场站。机场站在11号线上编号是9，该站为地下站。机场站于2016年6月28日正式启用。
3,机场东,Airport East,宝安区,机场东站是深大城际深圳段的一个站点，位于深圳宝安国际机场A、B航站楼东侧机场四路下方。机场东片区将规划为大型交通枢纽，枢纽内由东向西依次包含既有深圳地铁1号线、深圳地铁12号线、规划地铁20/26号线、深大城际、深茂铁路、APM陆侧、A/B航站楼等主要交通设施。 
4,机场北,Airport North,宝安区,机场北站（Airport North Station），位于中国广东省深圳市宝安区境内，是深圳市地铁集团有限公司管理运营的地铁车站，也是深圳地铁11号线与深圳地铁20号线的换乘站 。机场北站于2016年6月28日投用运营，通行深圳地铁11号线；于2021年12月28日通行深圳地铁20号线 。据2022年8月深圳地铁官网显示，机场北站共开通1个出入口，工作日运营时间为06:05-次日00:08 。
5,安托山,Antuo Hill,福田区,安托山站（Antuo Hill Station）是中国广东省深圳市境内地铁车站，位于中国广东省深圳市福田区境内，是深圳市地铁集团有限公司管理运营的地铁车站，是深圳地铁2号线和深圳地铁7号线的换乘站，该站为地下站。 安托山站2号线于2011年6月28日开通，7号线于2016年10月28日开通 。据2023年7月深圳地铁官网数据，安托山站为地下车站，设有5个出入口。
6,坳背,Aobei,龙岗区,坳背站（Aobei Station），位于中国广东省深圳市龙岗区境内，是深圳市地铁集团有限公司管理运营的地铁车站，也是深圳地铁14号线的途经站点。坳背站于2021年4月20日主体结构封顶 ；于2022年10月28日通行深圳地铁14号线 。据2023年7月深圳地铁官网数据，坳背站共开放4个出入口，工作日和双休日运营时间为06:24-23:54，节假日运营时间为06:24-次日00:54 。坳背站全长500.2米，宽45.8米，总建筑面积约36622平方米 。
7,八卦岭,Bagualing,福田区,八卦岭站位于中国广东省深圳市境内，也是深圳地铁6号线和深圳地铁7号线的换乘车站，位于八卦三路与八卦五街的交叉路口，车站主体沿八卦三路呈东西向布置 。八卦岭站为地下车站，现共设有3个出入口。
8,百鸽笼,Baigelong,龙岗区,百鸽笼站是中国广东省深圳市境内地铁车站，位于深圳市龙岗区，是深圳地铁5号线和深圳地铁17号线（暂未开通）的站点，为远期小交路折返站位于龙岗区企岭北路东侧，在规划翔鸽路、创富南路、荣华路（暂未使用）的交口，沿规划的翔鸽路南北布置。车站南端为高帆家私厂，西侧依次为布吉镇经济发展有限公司、吉隆五金厂、联兴电子厂、罗岗工业区管理处，东侧是金星玻璃有限公司、工厂宿舍等旧村和旧工业区。该站为地下站。
9,白石龙,Baishilong,龙华区,白石龙站是中国广东省深圳市境内地铁车站，也是深圳地铁4号线上一座运营中的车站，位于龙华区龙华新市镇民塘路中的绿化带上方，呈南北向布置。该站为高架站。 未来将可换乘深圳地铁21号线，深圳地铁27号线，21，27号线为地下站。
10,白石洲,Baishizhou,南山区,白石洲站（Baishizhou Station）是中国广东省深圳市境内地铁车站，位于中国广东省深圳市南山区境内，是深圳市地铁集团有限公司管理运营的地铁车站，也是深圳地铁1号线的途经站点 。该站是地下车站。白石洲站于2009年9月28日投用运营，通行深圳地铁1号线 。据2022年8月深圳地铁官网显示，白石洲站共开通4个出入口，工作日运营时间为06:01-23:36 。
11,坂田,Bantian,龙岗区,坂田站是广东省深圳市境内地铁车站，位于深圳市龙岗区，为深圳地铁5号线的车站，位于布龙公路和坂雪岗大道交叉路口，沿布龙公路东西向跨路口布置。车站东侧为河背村；车站东北侧有龙岗区杨美社区健康中心、扬马社区及坂田街道第一办公楼；车站西南侧为旭景佳园住宅区、绿怡居及富豪花园；车站西北为坂田医院，该站为地下二层一岛一侧式车站，于2011年6月22日建设并投入使用。该站为地下站。 
12,坂田北,Bantian North,龙岗区,坂田北站是深圳地铁10号线的一座车站，位于中国广东省深圳市境内。2020年8月18日开通。该站为地下车站，在规划时名为吉华站。
13,宝安,Bao'an,宝安区,宝安站是深圳地铁11号线的一座地下车站，位于中国广东省深圳市宝安区 ，深圳地铁11号线上编号是7，远期可换乘深圳地铁9号线三期西延线，于2016年6月28日正式启用。
14,宝安中心,Bao'an Center,宝安区,宝安中心站（Bao‘an Center Station）是中国广东省深圳市境内地铁车站，位于中国广东省深圳市宝安区境内，是深圳市地铁集团有限公司管理运营的地铁车站，也是深圳地铁1号线和深圳地铁5号线的换乘站 。该站是地下车站。宝安中心站于2011年6月15日投用运营，通行深圳地铁1号线；于2011年6月22日通行深圳地铁5号线 。据2022年8月深圳地铁官网显示，宝安中心站共开通6个出入口，工作日运营时间为06:02-23:58 。
15,宝安客运站,Bao'an Passenger Transport Terminal,宝安区,宝安客运站（Bao'an Passenger Transport Terminal Station），工程名为“宝安客运中心站”，位于中国广东省深圳市宝安区境内，是深圳市地铁集团有限公司管理运营的地铁车站，也是深圳地铁12号线的中间站 。宝安客运站于2020年11月20日主体结构封顶；于2022年11月28日通行深圳地铁12号线  。据2023年8月深圳地铁官网数据，宝安客运站为地下二层岛式车站，共开放4个出入口，工作日运营时间为06:14至23:38 ；车站主体结构总长度为225.9米，标准段宽度为20.1米，深度为17.4米至18.9米 。
16,宝体,Bao'an Stadium,宝安区,宝体站（Bao'an Stadium Station）是中国广东省深圳市境内地铁车站，位于中国广东省深圳市宝安区境内，是深圳市地铁集团有限公司管理运营的地铁车站，也是深圳地铁1号线的途经站点 。宝体站于2011年6月15日投用运营，通行深圳地铁1号线 。据2022年8月深圳地铁官网显示，宝体站共开放4个出入口，工作日运营时间为06:04-23:53，休息日运营时间为06:13-23:53，节假日运营时间为06:11-次日00:51 。
17,宝华,Baohua,宝安区,宝华站（Baohua Station）是中国广东省深圳市境内地铁车站，位于中国广东省深圳市宝安区境内，是深圳市地铁集团有限公司管理运营的地铁车站，也是深圳地铁5号线的车站 。宝华站于2011年6月22日通行深圳地铁5号线 。据2022年10月深圳地铁官网显示，宝华站共设置6个出入口，主体为地下结构，工作日运营时间为06:10-次日00:03，休息日运营时间为06:13-次日00:02，节假日运营时间为06:13-次日01:02 。
18,宝龙,Baolong,龙岗区,宝龙站，位于广东省深圳市境内，是深圳地铁14号线的一座地铁车站。 该站于2022年10月28日投入运营。 
19,宝龙同乐,Baolongtongle Station,龙岗区,宝龙同乐站是深圳地铁16号线的一座地铁车站， 因靠近宝龙街道同乐村而得名。该站于2022年12月28日投入运营。 
20,宝田一路,Baotian 1st Road,宝安区,宝田一路站（Baotian 1st Road Station），工程名为“臣田站”，位于中国广东省深圳市宝安区境内，是深圳市地铁集团有限公司管理运营的地铁车站，也是深圳地铁12号线的中间站 。宝田一路站于2020年1月10日主体结构封顶；于2022年11月28日通行深圳地铁12号线  。据2023年8月深圳地铁官网数据，宝田一路站为地下二层岛式车站，共开放2个出入口，工作日运营时间为06:12至23:36 ；车站主体结构总长度为223.4米，标准段宽度为20.1米，深度为17.3米至20.1米 。
21,贝尔路,Bei'er Rd,龙岗区,贝尔路站（英语：Bei'er Road Station）位于中国广东省深圳市龙岗区境内，邻近华为坂田基地，是深圳地铁10号线其中一个地铁车站。 也是深圳第一个以完整街道来命名车站的地铁站。五期将换乘深圳地铁25号线。
22,碧海湾,Bihaiwan,宝安区,碧海湾站为深圳地铁11号线的车站，位于中国广东省深圳市碧海中心区宝源路与金海路交叉处，主体位于宝源路，大致呈西北-东南走向，沿宝源路设置。该站为地下站，另外，深圳地铁11号线碧海湾站的北侧有条存车线，当深圳地铁11号线高架段停运的时候，将会作为终点站折返。 
23,碧头,Bitou,宝安区,碧头站位于中国广东省深圳市境内，是深圳地铁11号线的站点，于2016年6月28日开通，碧头站为地下车站。 
24,布吉,Buji,龙岗区,布吉站（Buji Station），位于中国广东省深圳市龙岗区境内，是深圳市地铁集团有限公司运营的地铁车站，也是深圳地铁3号线、深圳地铁5号线和深圳地铁14号线的换乘站，也是深圳东站交通枢纽的重要组成部分 。布吉站于2010年12月28日投用运营；于2011年6月22日通行深圳地铁5号线；于2022年10月28日通行深圳地铁14号线 。据2023年7月深圳地铁官网数据，布吉站开放8个出入口，运营时间为06:02至次日00:20；车站总建筑面积42983平方米，车站外包（结构外缘）长156.8米，标准段（结构外缘）宽24.60米，基坑开挖深度约18米  。
25,布心,Buxin,罗湖区,布心站（Buxin Station），位于中国广东省深圳市罗湖区境内，是深圳市地铁集团有限公司管理运营的地铁车站，也是深圳地铁5号线的中间站 。布心站于2008年3月进场进行前期工作 ；于2009年12月18日完成主体结构封顶工作 ；于2011年6月22日投用运营 。据2022年1月深圳地铁官网显示，布心站运营时间为06:17-次日00:11（工作日），站口数量3个 ；截至2009年2月，布心站总长243.5米，标准段宽为17.2米，总建筑面积10458平方米 。
26,草埔,Caopu,罗湖区,草埔站（Caopu Station），位于中国广东省深圳市境内，是深圳市地铁集团有限公司管理运营的地铁车站，也是深圳地铁3号线的途经车站 。草埔站于2011年6月28日投用运营 。据2024年1月深圳地铁官网数据，草埔站为高架岛式结构，车站工作日的运营时间为06:05至23:39 。
27,茶光,Chaguang,南山区,茶光站位于中国广东省深圳市南山区09号片区，沙河西路与向南的西丽南路“丁”字交叉口南侧，沿沙河西路南北方向布站。该站有四个出口，A出口为永标大厦，B出口为西苑村住宅楼，C出口为大沙河河堤，D出口为横跨大沙河的西丽桥。车站采用黄色+白色基调的装饰风格，该站是地下站。
28,长湖,Changhu,龙华区,长湖站（Changhu Station）是中国广东省深圳市境内地铁车站，位于中国广东省深圳市龙华区境内，是港铁轨道交通 ( 深圳 ) 有限公司管理运营的地铁车站，是深圳地铁4号线和深圳地铁18号线（未开通）的一座车站。长湖站于2020年10月28日随深圳地铁4号线三期工程（北延段）通车而启用 ，该站为地下两层车站，共设6个出入口。
29,长岭陂,Changlingpi,南山区,长岭陂站（Changlingpi Station）是中国广东省深圳市境内地铁车站，位于中国广东省深圳市南山区境内，是深圳市地铁集团有限公司管理运营的地铁车站，也是深圳地铁5号线的车站 。长岭陂站于2011年6月22日通行深圳地铁5号线 。据2022年10月深圳地铁官网显示，长岭陂站共开放3个出入口，主体为高架结构，工作日运营时间为06:09-23:47，休息日运营时间为06:03-23:47，节假日运营时间为06:03-次日00:47 。
30,长龙,Changlong,龙岗区,长龙站是中国广东省深圳市境内地铁车站，为深圳地铁5号线的车站，位于吉华路路中，沿吉华路布置。车站周边是办公、商住楼、布吉中学、森鑫源职业培训学校等教育机构和旧工业区，该站为地下站。在5号线上编号是7，无线路进行换乘，于2011年6月22日建设并投入使用。
31,长圳,Changzhen,光明区,长圳站（Changzhen Station），位于中国广东省深圳市光明区境内，是深圳市地铁集团有限公司管理运营的地铁车站，也是深圳地铁6号线的途经站点 。长圳站于2011年4月25日获批建设 ；于2020年8月18日通行深圳地铁6号线 。据2023年8月深圳地铁官网数据，长圳站共开放4个出入口，工作日运营时间为06:04至23:41，双休日运营时间为06:11至23:41，节假日运营时间为06:11至次日00:41 ；车站全长160.9米，宽69.2米，总建筑面积21470.14平方米。
32,车公庙,Chegongmiao,福田区,车公庙站（Chegongmiao Station），位于中国广东省深圳市福田区境内，是深圳市地铁集团有限公司管理运营的地铁车站，是深圳市首个，同时也是中国国内第2个四线换乘站 ，为深圳地铁线网繁忙的站点之一 ，因古建筑车公庙得名。车公庙站于2004年12月28日通行深圳地铁1号线，于2016年6月28日通行深圳地铁11号线，于2016年10月28日通行深圳地铁7号线和深圳地铁9号线 。据2022年9月深圳地铁官网显示，车公庙站共开放7个出入口，工作日运营时间为06:16-次日00:34 。截至2015年，11号线车站总长369.428米，车站标准段宽26.8米，底板底埋深约18.35米；7、9号线车站总长315米，标准段宽41.3米，底板底埋深约25.5米 。
33,少年宫,Children's Palace,福田区,少年宫站（Children's Palace Station）是中国广东省深圳市境内地铁车站，位于中国广东省深圳市福田区境内，是深圳市地铁集团有限公司和港铁轨道交通（深圳）有限公司共同管理运营的地铁车站，也是深圳地铁3号线和深圳地铁4号线的换乘站 。 少年宫站于2004年12月28日投用运营，通行深圳地铁4号线；于2011年6月28日通行深圳地铁3号线 。据2023年6月深圳地铁官网显示，少年宫站共开通9个出入口，工作日运营时间为06:15-次日00:02，休息日运营时间为06:22-次日00:02，节假日运营时间为06:22-次日01:02 。
34,赤湾,Chiwan,南山区,赤湾站（Chiwan Station）是中国广东省深圳市境内地铁车站，位于中国广东省深圳市南山区境内，是深圳市地铁集团有限公司管理运营的地铁车站，也是深圳地铁2号线和深圳地铁5号线的换乘站 。该站是地下站。赤湾站于2010年12月28日投用运营，通行深圳地铁2号线；于2019年9月28日通行深圳地铁5号线 。据2022年12月深圳地铁官网显示，赤湾站共开通4个出入口，工作日、休息日运营时间为06:04-23:00，节假日运营时间为06:04-次日00:00 。
35,赤尾,Chiwei,福田区,赤尾站（Chiwei Station）位于中国广东省深圳市福田区境内，车站沿滨河大道布设，是深圳市地铁集团有限公司管理运营的地铁车站，是深圳地铁7号线的一座车站。据2023年7月深圳地铁官网数据，赤尾站为地下车站，共设有5个出入口。
36,市民中心,Civic Center,福田区,市民中心站（Civic Center Station），位于中国广东省深圳市福田区境内，由深圳市地铁集团有限公司和港铁轨道交通（深圳）有限公司共同管理运营，是深圳地铁2号线和深圳地铁4号线的换乘站 。市民中心站于2004年12月28日投用运营 ，于2011年6月28日通行深圳地铁2号线 。据2023年7月深圳地铁官网数据，市民中心站开放6个出入口，工作日运营时间为06:08-23:53，休息日运营时间为06:08-23:52，节假日运营时间为06:08-次日00:47 。
37,会展中心,Convention & Exhibition Center,福田区,会展中心站（Convention & Exhibition Center Station），位于中国广东省深圳市福田区，是深圳市地铁集团有限公司和港铁轨道交通（深圳）有限公司管理运营的地铁车站，是深圳地铁1号线和深圳地铁4号线的换乘站 。会展中心站于2001年3月开工建设 ；2004年12月28日，会展中心站投入使用，通行深圳地铁1号线、深圳地铁4号线 ；据深圳地铁官网2021年2月显示，会展中心站共有出入口5个，工作日运营时间为06:28-23:52，休息日运营时间为06:09-23:52，节假日运营时间为06:09-00:52 。
38,会展城,Convention & Exhibition City,宝安区,会展城站（Convention & Exhibition City Station），位于中国广东省深圳市宝安区境内，是深圳市地铁集团有限公司管理运营的地铁车站，也是深圳地铁20号线的途经站点 。会展城站于2021年12月28日投用运营，通行深圳地铁20号线 。据2022年8月深圳地铁官网显示，会展城站共开通4个出入口，工作日运营时间为07:00-22:00 。
39,翠竹,Cuizhu,罗湖区,翠竹站是中国广东省深圳市境内地铁车站，也是深圳地铁3号线二期工程的一个地下站台。于2011年6月28日正式启用。列车驶往双龙方向（下一站田贝）或福保方向（下一站晒布）。远期将换乘深圳地铁24号线，且无换乘预留
40,大芬,Dafen,龙岗区,大芬站是中国广东省深圳市境内地铁车站，隶属深圳地铁3号线的车站 ，位于深圳大芬村西侧，龙岗大道正上方。该站为高架站，呈东西走向。
41,大梅沙,Dameisha,盐田区,大梅沙站（Dameisha Station），位于中国广东省深圳市盐田区境内，是深圳市地铁集团有限公司管理运营的地铁车站，也是深圳地铁8号线的途经站点 。大梅沙站于2021年9月6日主体结构封顶 ；于2023年12月27日投用运营，通行深圳地铁8号线 。据2024年1月深圳地铁官网数据，大梅沙站共开放4个出入口，非节假日运营时间为05:56至次日00:22，节假日运营时间为05:56至次日01:22 ；车站长240米，标准段宽23.7米，基坑最大深度25.63米 。
42,丹竹头,Danzhutou,龙岗区,丹竹头站（Danzhutou Station）是中国广东省深圳市境内地铁车站，位于深圳市龙岗区南湾街道丹竹头村，是深圳地铁3号线和深圳地铁17号线（暂未开通）的一座车站，于2010年12月28日开放投用，其前后地铁站分别为大芬地铁站和六约地铁站。  
43,大新,Daxin,南山区,大新站（Daxin Station），位于中国广东省深圳市南山区境内，是深圳市地铁集团有限公司管理运营的地铁车站，也是深圳地铁1号线的途经站点 。大新站于2008年12月28日主体结构封顶 ；于2011年6月15日通行深圳地铁1号线 。据2024年1月深圳地铁官网数据，大新站共开放5个出入口，工作日运营时间为05:49至23:42，休息日运营时间为06:05至23:42，节假日运营时间为06:17至次日00:41 ；车站全长215米，宽19.1米，高13.68米，总建筑面积12118平方米，站台形式为岛式站台  。
44,登良,Dengliang,南山区,登良站是中国广东省深圳市境内地铁车站，也是深圳地铁2号线的车站，位于后海滨路与登良路的交汇处，呈南北走向。车站西侧为蔚蓝海岸，西南侧设有北师大南山附属小学、中学等，东侧为填海区，尚未开发。该站为地下站
45,冬瓜岭,Donggualing,福田区,冬瓜岭站（Donggualing Station），位于中国广东省深圳市福田区境内，是深圳市地铁集团有限公司管理运营的地铁车站，也是深圳地铁10号线的中间站，因邻近冬瓜岭而得名  。冬瓜岭站于2015年9月21日获批建设；于2017年5月15日确定站名；于2020年8月18日通行深圳地铁10号线 。据2023年10月深圳地铁官网数据，冬瓜岭站共开放7个出入口，工作日运营时间为06:09至23:44 ；车站主体结构长度为467.5米，标准段宽度为27.6米，基坑开挖深度为17米至19米 。
46,东纵纪念馆,Dongjiang Column Memorial Hall Station,坪山区,东纵纪念馆站是深圳地铁16号线的一座地铁车站。该站于2022年12月28日投入运营。 
47,东角头,Dongjiaotou,南山区,东角头站是中国广东省深圳市境内地铁车站，为深圳地铁2号线和深圳地铁13号线（建设中）的一座车站。2010年12月28日连同深圳地铁2号线首通段开通试运营各站同时启用，深圳地铁13号线（建设中）预计2025年开通。 东角头站位于深圳市南山区蛇口新街与湾厦路十字交叉路口，蛇口新街下跨十字路口，呈东西走向布置。该站为地下站。 东角头站依山靠海，周围有渔一村、渔二村、湾厦村等深圳老渔村，历史以来这里的人民以捕鱼耕种为生，故车站装修以米黄色及灰白色为主，衬托出辛勤、朴实的深圳人民精神。 
48,翻身,Fanshen,宝安区,翻身站（Fanshen Station），位于中国广东省深圳市宝安区境内，是深圳市地铁集团有限公司管理运营的地铁车站，也是深圳地铁5号线的途经站点 。翻身站于2009年12月21日主体结构封顶 ；于2011年6月22日投用运营，通行深圳地铁5号线 。据2022年9月深圳地铁官网显示，翻身站共开通3个出入口，工作日运营时间为06:10-23:56，休息日运营时间为06:10-23:59，节假日运营时间为06:10-次日23:59 。
49,凤凰城,Fenghuang Town,光明区,凤凰城站是中国广东省深圳市境内地铁车站，位于深圳市光明区，是深圳地铁6号线和深圳地铁13号线（建设中）的一座车站，其中6号线为高架站，13号线为地下站。该站在规划时叫观光路站。凤凰城站，2020年8月18日正式通行深圳地铁6号线 。
50,福海西,Fuhai West,宝安区,福海西站（Fuhaixi Railway Station），规划时称和平站 ，位于中国广东省深圳市宝安区，是中国铁路广州局集团有限公司管辖的车站，途经该车站的是穗深城际铁路。2019年12月15日，福海西站正式开通运营。 
51,福民,Fumin,福田区,福民站（Fumin Station），位于中国广东省深圳市福田区境内，由深圳市地铁集团有限公司和港铁轨道交通（深圳）有限公司共同管理运营，是深圳地铁4号线、深圳地铁7号线和深圳地铁10号线的换乘站  。福民站于2004年12月28日投用运营，通行深圳地铁4号线 ；于2016年10月28日通行深圳地铁7号线 ；于2020年8月18日通行深圳地铁10号线 。据2023年8月深圳地铁官网数据，福民站共开放12个出入口，工作日运营时间为06:03-23:53，休息日运营时间为06:10-23:53，节假日运营时间为06:10-次日00:53  。
52,福田,Futian,福田区,福田站（Futian Station），地处中国广东省深圳市福田区，位于深圳福田综合交通枢纽工程内，是深圳市地铁集团有限公司运营管理的地铁车站，是深圳地铁2号线、深圳地铁3号线、深圳地铁11号线的换乘站 。福田站与2011年6月28日随深圳地铁2号线东延段和深圳地铁3号线二期工程的开通运营而投入使用 ；2016年6月28日，福田站深圳地铁11号线部分开通 。据2021年2月深圳地铁官网显示，福田站共有出入口16个，工作日运营时间为06:10-00:04；休息日运营时间为06:04-00:04；节假日运营时间为06:04-01:04 。
53,福保,Futian Bonded Area,福田区,福保站（Futian Bonded Area Station）是中国广东省深圳市境内地铁车站，位于中国广东省深圳市福田区境内，是深圳市地铁集团有限公司管理运营的地铁车站，也是深圳地铁3号线的途经站点 。福保站于2020年10月28日投用运营，通行深圳地铁3号线 。据2023年6月深圳地铁官网显示，福保站共开通8个出入口，工作日运营时间为06:17-23:00，休息日运营时间为06:18-23:00，节假日运营时间为06:18-次日00:00 。
54,福田口岸,Futian Checkpoint,福田区,福田口岸站（Futian Checkpoint Station），原名“皇岗站”，位于中国广东省深圳市福田区境内，由深圳市地铁集团有限公司和港铁轨道交通（深圳）有限公司共同管理运营，是深圳地铁4号线和深圳地铁10号线的换乘站   。福田口岸站于2007年6月28日投用运营，通行深圳地铁4号线 ；于2020年8月18日通行深圳地铁10号线 。据2023年10月深圳地铁及港铁（深圳）官网数据，福田口岸站共开放4个出入口，工作日运营时间为06:04-23:00；4号线站层为地下一层一岛两侧式车站；10号线站层为地下三层岛式车站  。
55,福围,Fuwei,宝安区,福围站（Fuwei Station），工程名为“翠岗工业园站”，位于中国广东省深圳市宝安区境内，是深圳市地铁集团有限公司管理运营的地铁车站，也是深圳地铁12号线的车站，因位于福围社区而得名 。福围站于2017年7月7日获批建设；于2020年10月27日主体结构封顶，于2022年11月28日通行深圳地铁12号线  。据2023年8月深圳地铁官网数据，福围站为地下二层岛式车站，共开放4个出入口，工作日运营时间为06:10至23:52 ；车站主体结构长221.6米，宽20.1米，深13.83米，站台宽11米 。
56,福永,Fuyong,宝安区,福永站（Fuyong Station），位于中国广东省深圳市宝安区境内，是深圳市地铁集团有限公司管理运营的地铁车站，也是深圳地铁11号线和深圳地铁12号线的换乘站，因位于福永街道境内而得名 。福永站于2016年6月28日通行深圳地铁11号线；于2022年11月28日通行深圳地铁12号线 。据2023年8月深圳地铁官网数据，福永站为地下三层岛式车站，共开放6个出入口，工作日运营时间为06:17至次日00:11 ；11号线站层主体结构长338米，宽度为21.7米；12号线站层主体结构长223.1米，宽23.5米  。
57,岗头,Gangtou,龙岗区,岗头站是深圳地铁10号线的一座车站，位于坂雪岗大道与雪岗北路交叉口。于2020年8月18日开通。该站为地下车站。远期还将换乘深圳地铁27号线，无换乘预留。 
58,岗厦,Gangxia,福田区,岗厦站（Gangxia Station）是中国广东省深圳市境内地铁车站，位于中国广东省深圳市福田区境内，由深圳市地铁集团有限公司管理运营，是深圳地铁1号线和深圳地铁10号线的换乘站 。该站是地下车站。岗厦站于2004年12月28日投用运营，通行深圳地铁1号线；于2020年8月18日通行深圳地铁10号线 。据2022年8月深圳地铁官网显示，岗厦站共开放7个出入口，工作日运营时间为06:10-23:55 。
59,岗厦北,Gangxia North,福田区,岗厦北站（Gangxia North Station），位于中国广东省深圳市福田区境内，是深圳市地铁集团有限公司管理运营的地铁车站，是深圳地铁2号线、深圳地铁10号线、深圳地铁11号线和深圳地铁14号线的换乘站，也是岗厦北综合交通枢纽的重要组成部分 ，因位于岗厦村北侧而得名 。岗厦北站于2011年6月28日投用运营，通行深圳地铁2号线 ；于2022年10月28日通行深圳地铁10号线、深圳地铁11号线、深圳地铁14号线 。据2024年3月深圳地铁官网数据，岗厦北站共开通16个出入口，非节假日运营时间为06:00至23:51，节假日运营时间为06:00至次日00:51  ；岗厦北综合交通枢纽东西方向总长888米，南北方向总长618米，总建筑面积约224119.38平方米  。
60,甘坑,Gankeng,龙岗区,甘坑站（Gankeng Station），位于中国广东省深圳市龙岗区境内，是深圳市地铁集团有限公司管理运营的地铁车站，也是深圳地铁10号线的途经站点 。甘坑站于2019年1月11日主体结构封顶 ；于2020年8月18日投用运营，通行深圳地铁10号线 。据2023年9月深圳地铁官网数据，甘坑站共开放3个出入口，工作日运营时间为05:59至23:38，休息日运营时间为06:00至23:38，节假日运营时间为06:07至次日00:38 。甘坑站全长200米、宽20.6米、深28米，总建筑面积14480平方米 。
61,公明广场,Gongming Square,光明区,公明广场站是中国广东省深圳市境内地铁车站，也是深圳地铁6号线与深圳地铁13号线二期（未开通）的一座换乘车站，两线预计将构成通道换乘 。该站为地下站。公明广场站为13号线二期的第8座车站，与既有6号线公明广场站通道换乘。车站位于长春中路与松白路十字路口，沿长春中路南北向敷设，下穿公明排洪渠及既有的6号线明挖区间。2020年8月18日11时18分，深圳地铁6号线开通，该站正式开门迎客。13号线二期预计于2025年开通。 
62,大剧院,Grand Theater,罗湖区,大剧院站（Grand Theater Station），位于中国广东省深圳市境内，由深圳市地铁集团有限公司管理运营，是深圳地铁1号线和深圳地铁2号线的换乘站 。大剧院站于2004年12月28日投用运营，通行深圳地铁1号线 ；于2011年6月28日通行深圳地铁2号线 。据2023年8月深圳地铁官网数据，大剧院站共开放5个出入口，工作日运营时间为06:02-次日00:03，双休日运营时间为06:07-次日00:01，节假日运营时间为06:07-次日01:01 。
63,光明,Guangming,光明区,光明站（Guangming Station）是中国广东省深圳市境内地铁车站，位于中国广东省深圳市光明区境内，是深圳市地铁集团有限公司管理运营的地铁车站，也是深圳地铁6号线的主支线交汇站 ，同时也是深圳地铁6号线支线一期的终点站 。据2022年11月深圳地铁官网显示，光明站共设置4个出入口，主体为高架结构 。
64,光明大街,Guangming St,光明区,光明大街站是中国广东省深圳市境内地铁车站，位于深圳市光明区，是深圳地铁6号线与旧版深圳地铁29号线（规划中）的一座车站，站台无换乘预留 。2020年8月18日11时18分，深圳地铁6号线开通，该站正式开门迎客。 
65,光雅园,Guangyayuan,龙岗区,光雅园站是深圳地铁10号线的一座车站，位于中国广东省深圳市境内。该站在规划时叫雅园站。该站在2020年8月18日开通，为地下车站。远期无线路换乘
66,观澜,Guanlan,龙华区,观澜站是中国广东省深圳市境内地铁车站，位于深圳市龙华区，是深圳地铁4号线的一座车站，隶属于港铁轨道交通 ( 深圳 ) 有限公司。观澜站于2020年10月28日随4 号线三期工程（北延段）通车而启用 。为地下两层车站。
67,官田,Guantian,宝安区,官田站（Guantian Station），工程名为“石岩站”，位于中国广东省深圳市宝安区境内，是深圳市地铁集团有限公司管理运营的地铁车站，也是深圳地铁6号线的途经站点 。官田站于2011年4月25日获批建设 ；于2020年8月18日通行深圳地铁6号线 。据2023年8月深圳地铁官网数据，官田站共开放3个出入口，工作日运营时间为06:10至23:44，双休日运营时间为06:18至23:44，节假日运营时间为06:18至次日00:37 ；车站全长144米，宽18.1米，总建筑面积7154.4平方米。
68,桂湾,Guiwan,南山区,桂湾站（Guiwan Station），位于中国广东省深圳市南山区境内，是深圳市地铁集团有限公司管理运营的地铁车站，也是深圳地铁5号线的途经站点 。桂湾站于2015年3月31日首桩开钻 ；于2019年9月28日通行深圳地铁5号线 。据2023年8月深圳地铁官网数据，桂湾站共开放5个出入口，工作日运营时间为05:57至次日00:07，双休日运营时间为06:10至次日00:06，节假日运营时间为06:10至次日01:06 。桂湾站全长350.89米、宽22.6米、深19.2米，站台宽9.3米，站台形式为岛式站台 。
69,国贸,Guomao,罗湖区,国贸站（Guomao Station），位于中国广东省深圳市罗湖区境内，是深圳市地铁集团有限公司管理运营的地铁车站，也是深圳地铁1号线的途经站点 。国贸站于2004年12月28日投用运营，通行深圳地铁1号线 ；于2016年8月9日增设自动售票机 ；于2018年7月27日开放10元纸币购票功能 。据2023年8月深圳地铁官网数据，国贸站共开通4个出入口，工作日运营时间为06:22-次日00:06 。
70,固戍,Gushu,宝安区,固戍站（Gushu Station）是中国广东省深圳市境内地铁车站，位于中国广东省深圳市宝安区境内，是深圳市地铁集团有限公司管理运营的地铁车站，也是深圳地铁1号线的途经站点 。该站是地下车站。固戍站于2011年6月15日投用运营，通行深圳地铁1号线 。据2022年8月深圳地铁官网显示，固戍站共开通5个出入口，工作日运营时间为06:12-次日00:01 。
71,海山,Haishan,盐田区,海山站（Haishan Station），位于中国广东省深圳市盐田区境内，是深圳市地铁集团有限公司管理运营的地铁车站，也是深圳地铁8号线的途经站点 。海山站于2017年9月28日主体结构封顶 ；于2020年10月28日投用运营，通行深圳地铁8号线 。据2023年1月深圳地铁官网显示，海山站共开放4个出入口，工作日运营时间为06:02-次日00:23，休息日运营时间为06:00-次日00:23，节假日运营时间为06:00-次日01:23 ，长217.8米，宽20.2米 。
72,海月,Haiyue,南山区,海月站是中国广东省深圳市境内地铁车站，也是深圳地铁2号线的车站，位于南山区后海滨路与工业八路交叉路口的后海滨路下。沿后海滨路南北向布置，南侧是工业七路。东侧宝能太古新城地下商场是这一区域的重要购物圣地，为周边小区提供一站式购物。周边为高尚小区，西北侧为招商海月花园，西南侧有天骄华庭等。 
73,翰岭,Hanling,福田区,翰岭站是中国广东省深圳市境内地铁车站，也是深圳地铁6号线的一座车站，为地下岛式站台。 2020年8月18日11时18分，深圳地铁6号线开通，该站正式开门迎客。 
74,荷坳,He'ao,龙岗区,荷坳站是中国广东省深圳市境内地铁车站，也是深圳地铁3号线的车站，位于龙岗大道近横岗长途汽车站，已于2010年12月28日正式启用。 
75,禾花,Hehua,龙岗区,禾花站（Hehua Station），位于中国广东省深圳市龙岗区境内，是深圳市地铁集团有限公司管理运营的地铁车站，也是深圳地铁10号线的途经站点 。2017年12月18日，禾花站主体结构封顶 ；2020年8月18日，禾花站投用运营，通行深圳地铁10号线 。据2023年9月深圳地铁官网数据，禾花站开通3个出入口，工作日运营时间为06:14至23:50，休息日运营时间为06:23至23:50，节假日运营时间为06:23至次日00:50 。
76,横岗,Henggang,龙岗区,横岗站是中国广东省深圳市境内地铁车站，也是深圳地铁3号线的一座中间站，于2010年12月28日启用。未来此站可换乘深圳地铁19号线。其中3号线属于高架站，19号线属于地下站，位于龙岗大道及保康路交叉处的西南方。东面是保康路，附近有天虹和信义御城商住两用楼盘；西面是横岗眼镜城和荣德国际楼盘，西南面是新世界广场，南面是横岗人民公园人工湖和横岗大厦。横岗站装修设计以白色为主色调，柱体采用白色搪瓷钢板，在标准化、简约化的装修中赋予了车站浓厚的文化气息。此站为高架站。 
77,合水口,Heshuikou,光明区,合水口站（Heshuikou Station），位于中国广东省深圳市光明区境内，是深圳市地铁集团有限公司管理运营的地铁车站，也是深圳地铁6号线的途经站点 。合水口站于2011年4月25日获批建设 ；于2020年8月18日通行深圳地铁6号线 。据2023年8月深圳地铁官网数据，合水口站共开放4个出入口，工作日和双休日运营时间为06:17至次日00:02，节假日运营时间为06:17至次日01:02 ；车站全长144米，总建筑面积7565.8平方米。
78,高新园,Hi-Tech Park,南山区,高新园站（High tech Park Station），位于中国广东省深圳市南山区境内，是深圳市地铁集团有限公司管理运营的地铁车站，也是深圳地铁1号线的途经站点 。该站是地下车站。高新园站于2009年9月28日投用运营，通行深圳地铁1号线 。据2022年8月深圳地铁官网显示，高新园站共开通4个出入口，工作日运营时间为05:58-23:34 。远期还将通行深圳地铁20号线、深圳地铁27号线。
79,高新南,Hi-tech South,南山区,高新南站是深圳地铁9号线的站点，车站编号为10，位于中国广东省深圳市境内，以地下敷设方式设于白石路，该站为地下站 。
80,鸿安围,Honganwei,盐田区,鸿安围站（Hong'anwei Station），工程名为“北山道站”，位于中国广东省深圳市盐田区境内，是深圳市地铁集团有限公司管理运营的地铁车站，也是深圳地铁8号线的中间站 。鸿安围站于2020年12月29日主体结构封顶；于2023年9月1日确定站名 ；于2023年12月27日通行深圳地铁8号线 。
81,洪湖,Honghu,罗湖区,洪湖站位于中国广东省深圳市境内，是深圳地铁7号线的车站，位于田贝四路与文锦北路交叉路口的西北侧与田贝四路平行布置。洪湖站为地下车站，共设有5个出入口。未来将与深圳地铁25号线（石浪线）换乘。
82,红花山,Honghuashan,光明区,红花山站（Honghuashan Station），位于中国广东省深圳市光明区境内，是深圳市地铁集团有限公司管理运营的地铁车站，也是深圳地铁6号线的途经站点 。红花山站于2017年9月6日主体结构封顶 ；于2020年8月18日投用运营，通行深圳地铁6号线 。据2023年8月深圳地铁官网数据，红花山站共开放8个出入口，非节假日运营时间为06:12-23:57，节假日运营时间为06:12-次日00:57 。红花山站全长588.1米，总建筑面积22187平方米 。
83,洪浪北,Honglang North,宝安区,洪浪北站（Honglang North Station）是中国广东省深圳市境内地铁车站，位于中国广东省深圳市宝安区境内，是深圳市地铁集团有限公司管理运营的地铁车站，也是深圳地铁5号线、深圳地铁15号线（在建）的车站。 洪浪北站于2011年6月22日通行深圳地铁5号线 。据2022年10月深圳地铁官网显示，洪浪北站共设置4个出入口，主体为地下二层结构，工作日运营时间为06:10-23:55，休息日运营时间为06:06-23:55，节假日运营时间为06:06-次日00:55 。
84,红岭,Hongling,福田区,红岭站（Hongling Station）位于中国广东省深圳市福田区境内，是深圳市地铁集团有限公司管理运营的地铁车站，也是深圳地铁3号线和深圳地铁9号线的换乘站 。红岭站于2011年6月28日投用运营，通行深圳地铁3号线；于2016年10月28日通行深圳地铁9号线 。据2022年8月深圳地铁官网显示，红岭站共开通9个出入口，工作日运营时间为06:03-23:59 。
85,红岭北,Hongling North,福田区,红岭北站（Hongling North Station），位于中国广东省深圳市福田区境内，是深圳市地铁集团有限公司管理运营的地铁车站，也是深圳地铁7号线和深圳地铁9号线的换乘站，因位于红岭社区北侧而得名 。红岭北站于2011年4月25日获批建设；于2016年10月28日通行深圳地铁7号线和深圳地铁9号线 。据2024年1月深圳地铁官网数据，红岭北站为共开放5个出入口，工作日运营时间为06:05至23:56 ；7号线站层为地下三层岛式车站，全长168.4米；9号线站层为地下二层侧式车站，全长359.3米 。
86,红岭南,Hongling South,罗湖区,红岭南站是深圳地铁9号线和深圳地铁11号线（建设中）的一座车站，位于中国广东省深圳市境内。红岭南站为地下车站，车站编号是0928，1121，共设有4个出入口，其中B出口为预留出口，A出口与地下过街通道相连。
87,红山,Hongshan,龙华区,红山站是中国广东省深圳市境内地铁车站，位于深圳市龙华区，是深圳地铁4号线和深圳地铁6号线一座车站。位于红木街北边，民旺路南边的腾龙路上。此站为高架站。 
88,红树湾,Hongshuwan,南山区,红树湾站（Hongshuwan Station），工程名为“沙河东站”，位于中国广东省深圳市南山区境内，是深圳市地铁集团有限公司管理运营的地铁车站，也是深圳地铁2号线的途经站点 。红树湾站于2008年12月28日主体结构封顶 ；于2010年12月28日通行深圳地铁2号线 。据2023年12月深圳地铁官网数据，红树湾站共开放2个出入口，非节假日运营时间为05:53至次日00:18，节假日运营时间为05:53至次日01:18 ；车站全长169米，宽18.9米，总建筑面积9802平方米。
89,红树湾南,Hongshuwan South,南山区,红树湾南站是深圳地铁9号线、深圳地铁11号线和深圳地铁29号线（规划）的换乘站，在11号线上编号是3，在9号线上编号是11，在29号线编号是1，位于中国广东省深圳市境内，沿白石四道基本呈东西走向布置，该站为地下站，其中，11号线为双岛式站台，9号线为侧式车站，11号线部分于2016年6月28日启用，9号线部分于2016年10月28日启用，29号线部分预计于2030年左右启用。 2019年12月8日，随着深圳地铁9号线西延线开通，红树湾南站作为9号线终点站的历史正式结束。本站D出入口可出站步行换乘深圳地铁2号线红树湾站，距离本站步行距离约750米（待深湾二路白石三道至白石四道段贯通后，步行距离可缩减至约400米）。
90,后海,Houhai,南山区,后海站也是为深圳地铁2号线、深圳地铁11号线和深圳地铁13号线的换乘车站，位于中国广东省深圳市境内，车站呈南北走向，在2号线上编号是21，在11号线上的编号是04，在13号线上编号是03，于2010年12月28日建成并投入使用。 13号线于2024年底将开通。 
91,后瑞,Hourui,宝安区,后瑞站（Hourui Station）是中国广东省深圳市境内地铁车站，位于中国广东省深圳市宝安区境内，是深圳市地铁集团有限公司管理运营的地铁车站，也是深圳地铁1号线的途经站点 。该站是高架车站。后瑞站于2011年6月15日投用运营，通行深圳地铁1号线 。据2022年8月深圳地铁官网显示，后瑞站共开通4个出入口，工作日运营时间为06:17-次日00:06 。
92,后亭,Houting,宝安区,后亭站（Houting Station），位于中国广东省深圳市宝安区境内，是深圳市地铁集团有限公司管理运营的地铁车站，也是深圳地铁11号线的车站 。后亭站于2016年6月28日通行深圳地铁11号线 。据2022年10月深圳地铁官网显示，后亭站共设4个出入口。车站主体为地下二层结构 。
93,花果山,Huaguoshan,南山区,花果山站（Huaguoshan Station），工程名为“工业六路站”，位于中国广东省深圳市南山区境内，是深圳市地铁集团有限公司管理运营的地铁车站，也是深圳地铁12号线的中间站 。花果山站于2017年7月7日获批建设；于2022年4月22日确定站名；于2022年11月28日通行深圳地铁12号线  。据2023年8月深圳地铁官网数据，花果山站为地下二层岛式车站，共开放4个出入口，工作日运营时间为06:10至次日00:05 ；车站主体结构总长度为269米，标准段宽度为20.1米，深度为18.9米，有效站台长度为140米。
94,怀德,Huaide,宝安区,怀德站（Huaide Station），位于中国广东省深圳市宝安区境内，是深圳市地铁集团有限公司管理运营的地铁车站，也是深圳地铁12号线的中间站，因位于怀德社区而得名 。怀德站于2017年7月7日获批建设；于2020年1月7日主体结构封顶；于2022年11月28日通行深圳地铁12号线  。据2023年8月深圳地铁官网数据，怀德站为地下二层岛式车站，共开放5个出入口，工作日运营时间为06:15至23:54 ；车站总建筑面积为12164.24平方米，主体结构长度为312.1米，宽度为20.1米，基坑深度为18.2米 。
95,华南城,Huanancheng,龙岗区,华南城站（Huanancheng Station），位于中国广东省深圳市龙岗区境内，是深圳市地铁集团有限公司管理运营的地铁车站，也是深圳地铁10号线的途经站点 。华南城站于2016年5月开工建设 ；于2020年8月18日投用运营，通行深圳地铁10号线 。据2023年9月深圳地铁官网数据，华南城站共开通3个出入口，工作日运营时间为06:12至23:48，休息日运营时间为06:25至23:48，节假日运营时间为06:20至次日00:48 。
96,黄贝岭,Huangbeiling,罗湖区,黄贝岭站（Huangbeiling Station）是中国广东省深圳市境内地铁车站，位于中国广东省深圳市罗湖区境内，是深圳市地铁集团有限公司管理运营的地铁车站，也是深圳地铁2号线和深圳地铁5号线的换乘站 。黄贝岭站于2011年6月22日投用运营，通行深圳地铁5号线；于2011年6月28日通行深圳地铁2号线 。据2022年8月深圳地铁官网显示，黄贝岭站共开通10个出入口，工作日运营时间为06:04-次日00:00 。
97,皇岗口岸,Huanggang Checkpoint,福田区,皇岗口岸站是穗莞深城际铁路站点，建设中。 
98,皇岗村,Huanggangcun,福田区,皇岗村站是深圳地铁7号线的一座车站，位于中国广东省深圳市境内。皇岗村站为地下车站，共设有7个出入口。
99,黄阁坑,Huanggekeng station,龙岗区,黄阁坑站（Huanggekeng Station），位于中国广东省深圳市龙岗区境内，是深圳市地铁集团有限公司管理运营的地铁车站，也是深圳地铁16号线的途经站点 。黄阁坑站于2021年7月19日主体结构封顶 ；于2022年12月28日投用运营，通行深圳地铁16号线 。据2024年1月深圳地铁官网数据，黄阁坑站共开放5个出入口，工作日和双休日运营时间为05:55-23:42，节假日运营时间为05:55-次日00:42 。黄阁坑站全长514.4米，总建筑面积约3200平方米 。
100,黄木岗,Huangmugang,福田区,黄木岗站（Huangmugang Station），位于中国广东省深圳市福田区境内，由深圳市地铁集团有限公司管理运营，是深圳地铁7号线和深圳地铁14号线的换乘站 。黄木岗站于2016年10月28日投用运营，通行深圳地铁7号线 ；2022年10月28日，通行深圳地铁14号线 。据2023年7月深圳地铁官网数据，黄木岗站共开放4个出入口，工作日和双休日运营时间为06:03-23:52，节假日运营时间为06:03-次日00:52  。
101,黄田,Huangtian,宝安区,黄田站（Huangtian Station），工程名为“钟屋站”，位于中国广东省深圳市宝安区境内，是深圳市地铁集团有限公司管理运营的地铁车站，也是深圳地铁12号线的中间站 。黄田站于2017年7月7日获批建设；于2021年1月13日主体结构封顶；于2022年11月28日通行深圳地铁12号线  。据2023年6月深圳地铁官网数据，黄田站为地下二层双岛式车站，共开放2个出入口，运营时间为06:04-23:44 。
102,华强北,Huaqiang North,福田区,华强北站（Huaqiang North Station），位于中国广东省深圳市福田区境内，是深圳市地铁集团有限公司管理运营的地铁车站，也是深圳地铁2号线和深圳地铁7号线的换乘站，因位于华强北步行街而得名 。华强北站于2011年6月28日通行深圳地铁2号线；于2016年10月28日通行深圳地铁7号线 。据2023年12月深圳地铁官网数据，华强北站为地下三层岛式车站，共开放7个出入口，工作日运营时间为06:06至23:52 ；2号线站层主体结构长207米，标准段宽19米；7号线站层主体结构长355.4米，标准段宽28.1米 。
103,华强路,Huaqiang Rd,福田区,华强路站（Huaqiang Road Station），位于中国广东省深圳市福田区，是深圳市地铁集团有限公司管理运营的地铁车站，也是深圳地铁1号线上的中间站 。2004年12月28日，华强路站投用运营，通行深圳地铁1号线 。2007年2月，华强路站增设自动售票机和出入站通道 。据2023年8月深圳地铁官网数据，华强路站开通4个出入口，工作日运营时间为06:13-23:58，双休日运营时间为06:14-23:56，节假日运营时间为06:14-次日00:56 。
104,华强南,Huaqiang South,福田区,华强南站（Huaqiang South Station），位于中国广东省深圳市福田区境内，沿华强南路方向布置，是深圳市地铁集团有限公司管理运营的地铁车站，是深圳地铁7号线和深圳地铁11号线（在建中）的一个换乘站。据2023年7月深圳地铁官网数据，华强南站为地下车站，共设有4个出入口。
105,华为,Huawei,龙岗区,华为站（Huawei Station）是深圳市地铁集团有限公司管理运营的车站，位于中国广东省深圳市龙岗区境内，因临近华为总部基地得名，是深圳地铁10号线上的一座车站。该站为地下二层车站 。华为站于2020年8月18日随着深圳地铁10号线的开通而启用 。据2022年3月深圳地铁官网显示，华为站已开通6个出入口，工作日运营时间为06:03-23:30 。
106,华新,Huaxin,福田区,华新站（Huaxin Station），位于中国广东省深圳市福田区境内，是深圳市地铁集团有限公司管理运营的地铁车站，也是深圳地铁3号线和深圳地铁7号线的换乘站 。华新站于2011年6月28日投用运营，通行深圳地铁3号线；于2016年10月28日通行深圳地铁7号线 。据2023年7月深圳地铁官网数据，华新站共开通7个出入口，工作日运营时间为06:04-23:58，休息日运营时间为06:00-23:57，节假日运营时间为06:00-次日00:57 。
107,湖贝,Hubei,罗湖区,湖贝站（Hubei Station），工程名为“东门路站”，位于中国广东省深圳市罗湖区境内，是深圳市地铁集团有限公司管理运营的地铁车站，也是深圳地铁5号线的中间站 。湖贝站全长约235.8m，标准段宽约21.4m，为地下二层岛式车站，共设置3个出入口 。该站暂未开通。预计2025年，该站将随深圳地铁5号线西延开通而投入使用 。注：此站与深圳地铁2号线湖贝站不是同一个站。
108,回龙埔,Huilongpu station,龙岗区,回龙埔站是深圳地铁16号线的一座地铁车站，该站于2022年12月28日投入运营。 该站为地下车站。
109,景田,Jingtian,福田区,景田站（Jingtian Station）是中国广东省深圳市境内地铁车站，位于中国广东省深圳市福田区境内，是深圳市地铁集团有限公司管理运营的地铁车站，也是深圳地铁2号线和深圳地铁9号线的换乘站 。景田站于2010年12月28日投用运营，通行深圳地铁2号线；于2016年10月28日通行深圳地铁9号线 。据2022年8月深圳地铁官网显示，景田站共开通6个出入口，工作日运营时间为06:02-23:58 。
110,锦龙,Jinlong,坪山区,锦龙站，是中国广东省深圳市境内地铁车站，是深圳地铁14号线和深圳地铁19号线（规划）的换乘站。 此站无深圳地铁19号线预留，因为总规划锦龙站与深圳地铁14号线交而不换。锦龙站于2022年10月28日通行深圳地铁14号线。
111,吉祥,Jixiang,龙岗区,吉祥站是中国广东省深圳市境内地铁车站，隶属于深圳地铁3号线，位于广东省深圳市龙岗区的深惠路路中，吉祥中路交叉口东侧，该站为高架站。
112,坑梓,Kengzi,坪山区,坑梓站（Kengzi Station），位于中国广东省深圳市坪山区境内，是深圳市地铁集团有限公司运营的地铁车站，也是深圳地铁14号线的途经站点 。坑梓站于2020年8月28日主体结构封顶 ；于2022年10月28日投用运营 。据2022年11月深圳地铁官网显示，坑梓站开放4个出入口，工作日/节假日运营时间为06:06至次日00:20，休息日运营时间为06:03至次日00:20 ；车站总建筑面积为17312平方米，总长度约为275米 。
113,科苑,Keyuan,南山区,科苑站是中国广东省深圳市境内地铁车站，也是深圳地铁2号线、深圳地铁13号线（在建）的一座车站，位于深圳市南山区高新科技园区，车站顺高新南十道布置，自西向东与科苑南路、高新南环路、科技南路垂直相交。车站北面是高新科技园区，有留学生创业大厦、威新软件科技园等。车站南面以住宅区为主，有海阔天空、彩虹之岸、滨福庭园、阳光带海滨城等。该站为地下站 
114,老街,Laojie,罗湖区,老街站（Laojie Station），位于中国广东省深圳市罗湖区境内，由深圳市地铁集团有限公司管理运营，是深圳地铁1号线和深圳地铁3号线的换乘站 。老街站于2004年12月28日投用运营，通行深圳地铁1号线；于2011年6月28日通行深圳地铁3号线 。据2023年7月深圳地铁官网数据，老街站共开放8个出入口，工作日运营时间为06:02-次日00:05，休息日运营时间为06:07-次日00:05，节假日运营时间为06:07-次日01:03 。
115,凉帽山,Liangmao Hill,龙岗区,凉帽山站（Liangmao Hill Station），位于中国广东省深圳市龙岗区境内，是深圳市地铁集团有限公司管理运营的地铁车站，也是深圳地铁10号线的途经站点 。凉帽山站于2020年8月18日投用运营，通行深圳地铁10号线 。据2023年6月深圳地铁官网显示，凉帽山站共开通5个出入口，工作日运营时间为05:54-23:41，休息日运营时间为06:20-23:41，节假日运营时间为06:13-次日00:41 。
116,莲花北,Lianhua North,福田区,莲花北站（Lianhua North Station）是中国广东省深圳市境内地铁车站，位于中国广东省深圳市福田区，是港铁轨道交通 ( 深圳 ) 有限公司管理运营的地铁车站，是深圳地铁4号线上的一座车站，呈南向北布置。该站为地下站。车站内部使用的主色调为紫色。 莲花北站于2011年6月16日通车运营。
117,莲花西,Lianhua West,福田区,莲花西站是中国广东省深圳市境内地铁车站，也是深圳地铁2号线的车站，位于新洲路与红荔路交叉路口的东南侧主要位于绿化带内，斜穿福中一路，大致呈南北走向。 北侧为莲花山、深圳市地震局、深圳晚报社、深圳市景龙小学、香荔新村；南侧为华强职业技术学校、香蜜三村、福田区地税局。该站为地下站。 
118,莲花村,Lianhuacun,福田区,莲花村站（Lianhuacun Station），位于中国广东省深圳市福田区境内，是深圳市地铁集团有限公司管理运营的地铁车站，也是深圳地铁3号线和深圳地铁10号线的换乘站  。莲花村站于2011年6月28日投用运营，通行深圳地铁3号线；于2020年8月18日通行深圳地铁10号线 。据2024年1月深圳地铁官网数据，莲花村站共开通8个出入口，工作日运营时间为06:05:21至次日00:01，休息日运营时间为06:16至次日00:00，节假日运营时间为06:16至次日01:00  ；车站3号线站层长223.9米，标准段宽17.5米，建筑面积9586.68平方米 ，10号线站层长221.42米 。
119,莲塘,Liantang,罗湖区,莲塘站（Liantang Station）是中国广东省深圳市境内地铁车站，也是深圳地铁2号线、深圳地铁8号线的一座车站，位于粤港路与畔山路之间的国威路下。该站为地下站，于2020年10月28日投入启用。
120,莲塘口岸,Liantang Checkpoint,罗湖区,莲塘口岸站（Liantang Checkpoint Station）是中国广东省深圳市境内地铁车站，也是深圳地铁2号线的站点，于2020年10月28日正式投入启用，其位于深圳市罗湖区罗沙公路以南，延芳路以西，西岭花园西侧山脚，为地下四层岛式车站。
121,灵芝,Lingzhi,宝安区,灵芝站（Lingzhi Station），位于中国广东省深圳市宝安区境内，是深圳市地铁集团有限公司管理运营的地铁车站，也是深圳地铁5号线和深圳地铁12号线的换乘站，因邻近灵芝公园而得名 。灵芝站于2011年6月22日通行深圳地铁5号线；于2022年11月28日通行深圳地铁12号线 。据2023年8月深圳地铁官网数据，灵芝站为地下三层车站，共开放8个出入口，工作日运营时间为05:52至23:54 ；5号线站层为地下二层岛式车站，长228.4米；12号线站层为地下三层侧式车站，长405.9米 。
122,临海,Linhai,宝安区,临海站（Linhai Station）是中国广东省深圳市境内地铁车站，位于中国广东省深圳市宝安区境内，是深圳市地铁集团有限公司管理运营的地铁车站，也是深圳地铁5号线的车站 。临海站于2011年6月22日通行深圳地铁5号线 。据2022年10月深圳地铁官网显示，临海站共设置3个出入口，主体为地下二层结构，总建筑面积约11600平方米，工作日运营时间为06:11-次日00:04，休息日运营时间为06:15-次日00:04，节假日运营时间为06:15-次日01:04 。
123,荔林,Litchi Orchards,南山区,荔林站(Litchi Orchards Station)，是深圳地铁9号线的车站，车站位于中国广东省深圳市南山区东滨路与南新路交叉口上，沿东滨路东西向布置，车站编号为04，该站于2019年12月8日开通运营。 
124,六和,Liuhe station,坪山区,六和站是深圳地铁16号线的一座地铁车站， 为地下车站。该站于2022年12月28日年投入运营。 
125,流塘,Liutang,宝安区,流塘站（Liutang Station），位于中国广东省深圳市宝安区境内，是深圳市地铁集团有限公司管理运营的地铁车站，也是深圳地铁12号线的中间站，因邻近流塘村而得名 。流塘站于2017年7月7日获批建设；于2022年4月22日确定站名；于2022年11月28日通行深圳地铁12号线  。据2023年12月深圳地铁官网数据，流塘站为地下二层岛式车站，共开放6个出入口，工作日运营时间为06:16至23:40 ；车站主体结构长度为254米，标准段宽度为23.3米，有效站台长度为140米。
126,留仙洞,Liuxiandong,南山区,留仙洞站是中国广东省深圳市境内地铁车站，隶属于深圳地铁5号线，深圳地铁13号线，位于深圳市车站位于南山区西丽社区， 占用留仙大道中央绿化带、北侧主车道和北侧主辅道间绿化带。在5号线上编号是19，在13号线上编号是11，于2011年6月22日建设并投入使用。2024年将与深圳地铁13号线换乘。
127,六约,Liuyue,龙岗区,六约站（Liuyue Station）是中国广东省深圳市境内地铁车站，也是深圳地铁3号线的车站，位于深圳市龙岗区横岗街道深坑村龙岗大道中上方，东北侧为梧桐路、西北侧为深竹路、深坑路、东南侧为牛始埔路，车站沿龙岗大道方向大致呈东西走向布置。该站于2010年随着深圳地铁3号线一期工程开通，为高架车站。 
128,六约北,Liuyue North,龙岗区,六约北站位于深圳市龙岗区，是深圳地铁14号线的一座地铁车站，为地下车站。该站于2022年10月28日正式投入运营。 
129,荔湾,Liwan,南山区,荔湾站是中国广东省深圳市境内地铁车站，是深圳地铁5号线（环中线）的车站，车站位于深圳市南山区港前路和前海路的交叉路口处。远期还将有深圳地铁24号线（笋岗线）经过此站
130,鲤鱼门,Liyumen,南山区,鲤鱼门站（Liyumen Station）是中国广东省深圳市境内地铁车站，位于中国广东省深圳市南山区境内，是深圳市地铁集团有限公司管理运营的地铁车站，也是深圳地铁1号线的途经站点 。该站是地下车站。鲤鱼门站于2011年6月15日投用运营，通行深圳地铁1号线 。据2022年8月深圳地铁官网显示，鲤鱼门站共开通1个出入口，工作日运营时间为06:03-23:44 。
131,龙城公园,Longcheng Park,龙岗区,龙城公园站（Longcheng Park Station），工程名为“龙城西站”，位于中国广东省深圳市龙岗区境内，是深圳市地铁集团有限公司管理运营的地铁车站，也是深圳地铁16号线的途经站点 。龙城公园站于2021年3月8日主体结构封顶 ；于2022年12月28日通行深圳地铁16号线 。据2023年8月深圳地铁官网数据，龙城公园站共开放4个出入口，工作日运营时间为05:53至23:45，双休日运营时间为05:57至23:45，节假日运营时间为05:57至次日00:45 ；车站全长258米，宽23.2米，站台形式为岛式站台。
132,龙城广场,Longcheng Square,龙岗区,龙城广场站是中国广东省深圳市境内地铁车站，隶属于深圳地铁3号线，位于龙岗大道正上方，龙城中路东侧，该站为高架站。
133,龙东,Longdong Station,龙岗区,龙东站位于广东省深圳市龙岗区，是深圳地铁16号线的一座地铁车站。 该站于2022年12月28日投入运营。 
134,龙华,Longhua,龙华区,龙华站是中国广东省深圳市境内地铁车站，也是深圳地铁4号线（龙华线）车站，位于龙华区中环路与人民北路之间的和平路上，沿和平中路呈东西向布置。 
135,龙井,Longjing,南山区,龙井站位于中国广东省深圳市境内，为深圳地铁7号线（西丽线）车站，位于龙珠大道和龙珠四路的交叉路口，已于2016年10月随深圳地铁7号线开通投入使用。深圳地铁远期规划换乘深圳地铁21号线（南龙快线）。
136,龙胜,Longsheng,龙华区,龙胜站是中国广东省深圳市境内地铁车站，也是深圳地铁4号线的一座车站，位于龙华区布龙路与和平路交汇处。 
137,龙园,Longyuan Station,龙岗区,龙园站是深圳地铁16号线和深圳地铁21号线（规划）的换乘站。 且是原深圳地铁21号线一期的终点站。龙园站于2022年12月28日通行深圳地铁16号线。 
138,楼村,Loucun,光明区,楼村站（Loucun Station），位于中国广东省深圳市光明区境内，是深圳市地铁集团有限公司管理运营的地铁车站，也是深圳地铁6号线的途经站点 。楼村站于2011年4月25日获批建设；于2020年8月18日通行深圳地铁6号线 。据2023年8月深圳地铁官网数据，楼村站共开放4个出入口，工作日和双休日运营时间为06:09至23:55，节假日运营时间为06:09至次日00:55 ；车站全长144米，宽18.1米，总建筑面积约7151.2平方米。
139,鹿丹村,Ludancun,罗湖区,鹿丹村站是深圳地铁9号线中的一个车站 ，车站位于深圳市罗湖区滨河大道与宝安立交交叉口北侧，南临滨河大道，北靠万象城商圈与罗湖高级中学。
140,罗湖,Luohu,罗湖区,罗湖站（Luohu Station），位于中国广东省深圳市罗湖区，是深圳地铁集团有限公司管理运营的地铁车站，途经该站的地铁线路为深圳地铁1号线 。2001年3月，深圳地铁罗湖站开工建设；2004年12月28日，罗湖站随深圳地铁1号线开通而投入使用 。据2021年1月深圳地铁官网显示，罗湖站共有出入口5个，工作日运营时间为06:30-23:00，休息日运营时间为06:20-23:00，节假日运营时间为06:20-00:00 。
141,罗湖北,Luohu North,罗湖区,罗湖北站（Luohu North Station），位于中国广东省深圳市罗湖区境内，是深圳市地铁集团有限公司管理运营的地铁车站，也是深圳地铁14号线的车站 。罗湖北站于2021年7月完成主体结构封顶工作；于2022年10月28日通行深圳地铁14号线 。据2023年7月深圳地铁官网数据，罗湖北站共开放7个出入口，主体为地下三层结构，全天运营时间为06:07-23:47 。
142,马安山,Ma'an Hill,宝安区,马安山站位于中国广东省深圳市境内，是深圳地铁11号线的车站，在11号线上编号是14，无可换乘线路，于2016年6月30日正式启用。 
143,孖岭,Maling,福田区,孖岭站（Maling Station），位于深圳市福田区彩田路与梅林路交叉口，是深圳地铁9号线，深圳地铁10号线的一座换乘车站。该站在规划时叫梅林东站。该站设6个出入口，其中C口设置垂直电梯、公共卫生间为乘客出行提供便利。本站西侧有9号线与10号线的联络线，可进行车辆调配等作业。车站装修以白色为主色调，柱体采用亮黄色搪瓷钢板，柱子上方加入了广府古建筑的元素符号，为车站赋予了浓厚的文化气息。 
144,妈湾,Mawan,南山区,妈湾站（Mawan Station）是中国广东省深圳市境内地铁车站，是深圳地铁5号线的车站，因临近广东省深圳市南山区妈湾港，所以叫妈湾站。该站位于深圳市南山区规划五号路，横穿规划梦海大道，延至规划四号路下方。该站为地下站。 妈湾站于2019年9月28日开通随深圳地铁5号线二期工程的建成而投入使用。 据2022年3月深圳地铁官网显示，妈湾站共开放3个出入口，工作日运营时间为06:19-00:15。 远期将换乘深圳地铁21号线，无换乘预留。 
145,梅村,Meicun,福田区,梅村站是深圳地铁9号线的一座车站，位于中国广东省深圳市境内。梅村站为地下车站，共设有5个出入口。
146,梅景,Meijing,福田区,梅景站（Meijing Station），位于广东省深圳市福田区境内，是深圳市地铁集团有限公司管理运营的地铁车站，通行深圳地铁9号线。据2022年11月深圳地铁官网显示，梅景站共开放4个出入口，工作日运营时间为06:04-23:40；2022年后，将开启深圳地铁22号线和深圳地铁24号线。 
147,梅林关,Meilinguan,龙华区,梅林关站是中国广东省深圳市境内地铁车站，位于深圳市龙华区，是深圳地铁6号线的一座车站，为地下站。 
148,梦海,Menghai,南山区,梦海站（Menghai Station），是深圳地铁9号线和远期规划的深圳地铁21号线的站点，也是该线路西段的途径。车站位于广东省深圳市南山区梦海大道与前湾一路交叉路口南侧，由深圳市地铁集团有限公司管理运营，规划时名为振海路站。梦海站于2019年12月8日投用运营，通行深圳地铁9号线。据2022年11月深圳地铁官网显示，梦海站共开放2个出入口。 
149,民乐,Minle,龙华区,民乐站是中国广东省深圳市境内的一座地铁车站，深圳地铁4号线的一座地铁站，于2011年6月16日随深圳地铁4号线二期线路开通时投入使用。该车站位于深圳市龙华区新区大道东侧的绿化带上，为地面岛式车站。该站在民乐村附近。根据2020年4月30日深圳市规划和自然资源局公示的《深圳市城市轨道22号线交通详细规划》（草案），远期深圳地铁22号线将经过民乐站，与深圳地铁4号线实现换乘。 
150,民治,Minzhi,龙华区,民治站（Minzhi Station），位于中国广东省深圳市龙华区境内，是深圳市地铁集团有限公司管理运营的地铁车站，也是深圳地铁5号线的途经站点 。民治站于2009年11月10日完成主体结构封顶 ；于2011年6月22日投用运营，通行深圳地铁5号线 。据2023年8月深圳地铁官网数据，民治站共开放3个出入口，工作日运营时间为05:55-次日00:03，休息日运营时间为05:52-次日00:02，节假日运营时间为05:52-次日01:02 ；车站左线长315.8米，右线长254.6米，标准段宽度19.5米，站台宽度10米 。
151,观澜湖,Mission Hills,龙华区,观澜湖站是中国广东省深圳市境内地铁车站，位于深圳市龙华区，是深圳地铁4号线的一座车站，隶属于港铁轨道交通 ( 深圳 ) 有限公司。观澜湖地铁站于2020年10月28日随4 号线三期工程（北延段）通车而启用 。该站为地下两层车站。
152,木古,Mugu,龙岗区,木古站（Mugu Station），位于中国广东省深圳市龙岗区境内，是深圳市地铁集团有限公司管理运营的地铁车站，也是深圳地铁10号线的途经站点 。木古站于2018年11月主体结构封顶 ；于2020年8月18日投用运营，通行深圳地铁10号线 。据2024年1月深圳地铁官网数据，木古站共开放4个出入口，工作日运营时间为05:59至23:46，休息日运营时间为06:03至23:46，节假日运营时间为06:03至次日00:46 。木古站全长347米，宽20米，基坑最深20米 。
153,木棉湾,Mumianwan,龙岗区,木棉湾站是中国广东省深圳市境内地铁车站，为深圳地铁3号线的车站，位于布吉街道办事处南侧，龙岗大道中央分隔带上，该站为高架站，木棉湾站的结构共分三层，地面一层为设备层，地面二层为站厅层，地面三层为站台层，以岛式月台的形式排列，车站并设有两条轨道。 
154,南光,Nanguang,南山区,南光站（Nanguang Station），工程名为“创业路站”，位于中国广东省深圳市南山区境内，是深圳市地铁集团有限公司管理运营的地铁车站，也是深圳地铁12号线的中间站，因位于南光社区而得名 。南光站于2017年7月7日获批建设；于2021年4月28日主体结构封顶；于2022年11月28日通行深圳地铁12号线  。据2023年8月深圳地铁官网数据，南光站为地下二层岛式车站，共开放4个出入口，工作日运营时间为06:17至次日00:01 ；车站主体结构长250.25米，标准段宽21.2米，盾构端宽25.8米，深19米至21米 。
155,南坑,Nankeng,龙岗区,南坑站是深圳地铁10号线、深圳地铁21号线的一座车站，位于中国广东省深圳市境内。该站于2020年8月18日开通，为地下车站。
156,南联,Nanlian,龙岗区,南联站是中国广东省深圳市境内地铁车站，隶属于深圳地铁3号线，是深圳地铁3号线的车站，位于深惠路近南联路，于2010年12月28日正式启用。
157,南山,Nanshan,南山区,南山站（Nanshan Station），位于中国广东省深圳市南山区境内，是深圳市地铁集团有限公司管理运营的地铁车站，也是深圳地铁11号线和深圳地铁12号线的换乘站，因位于南山区核心区域而得名 。南山站于2016年6月28日通行深圳地铁11号线；于2022年11月28日通行深圳地铁12号线 。据2023年8月深圳地铁官网数据，南山站为地下三层车站，共开放10个出入口，工作日运营时间为06:10至次日00:28 ；车站11号线站层为地下三层岛式车站，长310米；12号线站层为地下二层侧式站台，长247.7米 。
158,南山书城,Nanshan Book Mall,南山区,南山书城站是深圳地铁9号线二期的一座车站，规划时曾经叫粤海站。位于中国广东省深圳市境内，该站为地下车站，已于2019年12月8日开通 。
159,南头古城,Nantou Ancient City,南山区,南头古城站（Nantou Ancient City Station），位于中国广东省深圳市南山区境内，是深圳市地铁集团有限公司管理运营的地铁车站，也是深圳地铁12号线的中间站 。南头古城站于2018年11月19日开工建设；于2021年10月21日主体结构封顶；于2022年11月28日通行深圳地铁12号线 。据2023年1月深圳地铁官网显示，南头古城站共开放3个出入口，主体为地下结构，全天运营时间为06:23-23:53 。
160,南油,Nanyou,南山区,南油站（Nanyou Station），位于中国广东省深圳市南山区境内，是深圳市地铁集团有限公司管理运营的地铁车站，也是深圳地铁9号线和深圳地铁12号线的换乘站，因位于南油社区而得名 。南油站于2019年12月8日通行深圳地铁9号线，于2022年11月28日通行深圳地铁12号线 。据2023年8月深圳地铁官网数据，南油站为地下二层双岛式车站，共开放9个出入口，工作日运营时间为06:04至次日00:01；车站总建筑面积为33739.64平方米，主体结构总长度为334米，标准段宽度为44.5米 。
161,南油西,Nanyou West,南山区,南油西站，规划时名为荔香站，是深圳地铁9号线的车站，位于中国广东省深圳市南山区境内，城市山林与东滨路口附近。是深圳市地铁集团有限公司管理运营的地铁车站，该站于2019年12月8日开通。 
162,南约,Nanyue,龙岗区,南约站是深圳地铁14号线、深圳地铁23号线（远期规划）和深圳地铁31号线（远期规划）的换乘站。 南约站于2022年10月28日随深圳地铁14号线开通运营。 
163,泥岗,Nigang,罗湖区,泥岗站是深圳地铁9号线的一座车站，位于中国广东省深圳市境内，车站沿金碧路东西向布置。泥岗站为地下车站，共设有6个出入口，期中4个为预留出口。
164,牛湖,Niuhu,龙华区,牛湖站（Niuhu Station）是中国广东省深圳市境内地铁车站，位于中国广东省深圳市深圳市龙华区境内，是港铁轨道交通 ( 深圳 ) 有限公司管理运营的地铁车站，是深圳地铁4号线（北延段）的总站，该站沿高尔夫大道东西向布置。牛湖站于2020年10月28日投用 。为地下岛式车站，编号为23。
165,农林,Nonglin,福田区,农林站位于中国广东省深圳市境内，是深圳地铁7号线的车站，位于农林路与红荔西路交叉口东侧，沿红荔西路呈东西向布置。农林站为地下车站，共设有4个出入口。
166,华侨城,OCT,南山区,华侨城站（OCT station）是中国广东省深圳市境内地铁车站，位于中国广东省深圳市南山区境内，是深圳市地铁集团有限公司管理运营的地铁车站，也是深圳地铁1号线的途经站点 。该站是地下车站。华侨城站于2004年12月28日投用运营，通行深圳地铁1号线 。据2022年8月深圳地铁官网显示，华侨城站共开通4个出入口，工作日运营时间为06:07-23:40 。
167,平湖,Pinghu,龙岗区,平湖站（Pinghu Railway Station），位于中国广东省深圳市龙岗区平湖街道，是中国铁路广州局集团有限公司管辖的四等站，建于1911年。 平湖站有多条铁路经过。截至2020年，仅有广深城际铁路在平湖站办理客运业务，其余铁路在该站均为货运停靠。 
168,坪环,Pinghuan,坪山区,坪环站是深圳地铁16号线的一座地铁车站， 位于中国广东省深圳市坪山区。该站于2022年12月28日投入运营。 
169,平峦山,Pingluan Hill,宝安区,平峦山站（Pingluan Hill Station），工程名为“臣田北站”，位于中国广东省深圳市宝安区境内，是深圳市地铁集团有限公司管理运营的地铁车站，也是深圳地铁12号线的中间站，因邻近平峦山而得名 。平峦山站于2020年7月18日主体结构封顶；于2022年11月28日通行深圳地铁12号线  。据2023年8月深圳地铁官网数据，平峦山站为地下二层岛式车站，共开放3个出入口，工作日运营时间为06:10至23:37 ；车站主体结构总长度为248.2米，宽度为20.1米，基坑深度为16.7米至19.5米 。
170,坪山中心,Pingshan Center,坪山区,坪山中心站是深圳地铁14号线和深圳地铁19号线（规划）的换乘站。 站厅设有19号线预留，五期将换乘深圳地铁19号线。坪山中心站于2022年10月28日通行深圳地铁14号线。 
171,坪山广场,Pingshan Square,坪山区,坪山广场站，位于广东省深圳市坪山区境内，是深圳地铁14号线的一座地铁车站。该站于2022年10月28日投入运营。 
172,坪山,Pingshan Station,坪山区,坪山站是深圳地铁16号线的一座地铁车站。该站于2022年12月28日投用运营。 
173,坪山围,Pingshan wei,坪山区,坪山围站（Pingshanwei Station），位于中国广东省深圳市坪山区境内，是深圳市地铁集团有限公司运营的地铁车站，也是深圳地铁14号线和深圳地铁16号线的换乘站 。坪山围站于2021年5月主体结构封顶 ；于2022年10月28日投用运营，通行深圳地铁14号线 ；于2022年12月28日通行深圳地铁16号线 。据2022年12月深圳地铁官网显示，坪山围站开放9个出入口，工作日/节假日运营时间为06:11至次日00:13，休息日运营时间为06:11至次日01:13 ；14号线站层总长度为442米，16号线站层总长度为347.5米 。
174,坪洲,Pingzhou,宝安区,坪洲站（Pingzhou Station）是中国广东省深圳市境内地铁车站，位于中国广东省深圳市宝安区境内，是深圳市地铁集团有限公司管理运营的地铁车站，也是深圳地铁1号线、深圳地铁15号线（在建）的途经站点  。该站是地下车站。坪洲站于2011年6月15日投用运营，通行深圳地铁1号线 。据2022年8月深圳地铁官网显示，坪洲站共开通4个出入口，工作日运营时间为06:06-23:55 。
175,前海湾,Qianhaiwan,南山区,前海湾站（Qianhaiwan Station），位于中国广东省深圳市南山区听海大道下方，是深圳市地铁集团有限公司管理运营的地铁车站，也是深圳地铁1号线、深圳地铁5号线和深圳地铁11号线的换乘站，也是深圳市前海交通枢纽的重要组成部分 。前海湾站于2011年6月15日通车运营并通行深圳地铁1号线 ；于2011年6月22日通行深圳地铁5号线，于2016年6月28日通行深圳地铁11号线 。据2021年2月深圳地铁官网显示，前海湾站共有7个出入口（其中5个出入口缓开），车站总面积51428万平方米 ，建筑面积为7.82万平方米；项目总投资11.82亿元人民币 。
176,前湾,Qianwan,南山区,前湾站(Qianwan Station)位于广东省深圳市南山区听海大道与前湾中路交叉口，是深圳地铁5号线的途经站、深圳地铁9号线的西端终点站，为地下站。该站规划时叫航海路站。 
177,前湾公园,Qianwan Park,南山区,前湾公园站是中国广东省深圳市境内地铁车站，也是深圳地铁5号线（环中线）的一座车站，是深圳地铁5号线南延段的站点，于2019年9月28日开通。车站为于深圳市南山区前湾公园附近，所以故得此名叫前湾公园站。
178,侨城东,Qiaocheng East,南山区,侨城东站（Qiaocheng East Station）是中国广东省深圳市境内地铁车站，位于中国广东省深圳市南山区境内，由深圳市地铁集团有限公司管理运营，是深圳地铁1号线的途经站点 。侨城东站于2004年12月28日投用运营，通行深圳地铁1号线 。据2022年8月深圳地铁官网显示，侨城东站共开放4个出入口，工作日运营时间为06:00-23:42 。
179,侨城北,Qiaocheng North,南山区,侨城北站是中国广东省深圳市境内地铁车站，也是深圳地铁2号线的车站，位于深圳市南山区侨香路下，沿侨香路设置，大致呈东西走向。东接深康站，西接世界之窗站。北侧是规划工业用地，南侧是规划居住用地。西南侧有燕晗花园一期，西侧有燕晗花园二、三期，东侧有深圳市水泥制品厂、深圳市达昌玻璃有限公司等工厂及一农贸市场。本站为地下两层车站，地下二层为站台层，地下一层为站厅层，站台形式为岛式站台。 
180,桥头,Qiaotou,宝安区,桥头站是深圳地铁11号线的一个车站。桥头站位于中国广东省深圳市境内，沿宝安大道南北向布置，为高架站。在11号线上编号是12，无可换乘线路，于2016年6月30日正式启用。 
181,桥头西,Qiaotou West,宝安区,桥头西站（Qiaotou West Station），工程名为“永和站”，位于中国广东省深圳市宝安区境内，是深圳市地铁集团有限公司管理运营的地铁车站，也是深圳地铁12号线的中间站，因位于桥头社区西侧而得名 。桥头西站于2020年7月24日主体结构封顶；于2022年11月28日通行深圳地铁12号线  。据2024年2月深圳地铁官网数据，桥头西站为地下二层岛式车站，共开放3个出入口，工作日运营时间为06:09至次日00:00 ；车站主体结构总长度为245.2米，宽度为18.5米，有效站台长度为140米 。
182,侨香,Qiaoxiang,福田区,侨香站（Qiaoxiang Station），位于中国广东省深圳市福田区境内，是深圳市地铁集团有限公司管理运营的地铁车站，也是深圳地铁2号线的中间站，因邻近侨香社区而得名 。侨香站于2009年9月获批建设；于2010年1月22日主体结构封顶；于2011年6月28日通行深圳地铁2号线  。据2024年3月深圳地铁官网数据，侨香站为地下二层岛式车站，共开放3个出入口，工作日运营时间为05:57至23:19 ；车站主体结构总长170.69米，标准段宽19.1米，有效站台长约140米，基坑深17.39米至18.5米 。
183,清湖,Qinghu,龙华区,清湖站是中国广东省深圳市境内地铁车站，也是深圳地铁4号线二期北行的终点站，位于中国广东省深圳市龙华区龙华街道清湖片区和平路与清泉路、清龙路的交叉路口之间，沿和平路呈东北-西南向布置 。此车站为高架站结构，于2011年6月16日启用。 
184,清湖北,Qinghu North,龙华区,清湖北站是中国广东省深圳市境内地铁车站，位于深圳市龙华区，是深圳地铁4号线北延线的一座车站，车站编号为16。隶属于港铁轨道交通 ( 深圳 ) 有限公司。清湖北站于2020年10月28日随4 号线三期工程（北延段）通车而启用 。 该站为高架三层车站。
185,铁路公园,Railway Park,南山区,铁路公园站(Railway Park Station)是中国广东省深圳市境内地铁车站，也是深圳地铁5号线、深圳地铁15号线（在建）的站点，于2019年9月28日开通。该站为地下车站。 
186,人民南,Renmin South,罗湖区,人民南站（Renmin South Station），位于中国广东省深圳市罗湖区境内，是深圳市地铁集团有限公司管理运营的地铁车站，也是深圳地铁9号线的途经站点 。人民南站于2013年7月开工建设 ；于2016年10月28日投用运营，通行深圳地铁9号线 。据2023年3月深圳地铁官网显示，人民南站共开通5个出入口，工作日运营时间为06:24-次日00:05，休息日运营时间为06:23-次日00:05，节假日运营时间为06:21-次日01:05 ，站层长167.014米 。
187,深理工,SIAT,光明区,深理工站（SIAT Station），位于中国广东省深圳市光明区境内，是深圳市地铁集团有限公司管理运营的地铁车站，也是深圳地铁6号线支线的车站 。深理工站于2022年11月28日通行深圳地铁6号线支线 。据2022年11月深圳地铁官网显示，深理工站共设置4个出入口，主体为地下二层结构 。
188,科学馆,Science Museum,福田区,科学馆站（Science Museum Station），位于中国广东省深圳市福田区，由深圳市地铁集团有限公司管理运营，是深圳地铁1号线和深圳地铁6号线的换乘站，也是深圳地铁6号线的南端终点站。科学馆站于2004年12月28日投用运营，于2020年8月18日通行深圳地铁6号线  。据2023年7月深圳地铁官网数据，科学馆站为地下三层岛式车站，已开通6个出入口，工作日运营时间为06:10-次日00:00，双休日运营时间为06:16-23:58，节假日运营时间为06:16-次日00:58  。
189,科学公园,Science Park,光明区,科学公园站（Science Park Station）是中国广东省深圳市境内地铁车站，位于中国广东省深圳市光明区境内，是深圳市地铁集团有限公司管理运营的地铁车站，是深圳地铁6号线的一座车站。是深圳地铁6号线的高架车站。远期将与新深圳地铁29号线换乘科学公园站于2020年8月18日开通运营 。据2023年7月深圳地铁官网数据，科学公园站为高架车站，设有2个出入口。
190,海上世界,Sea World,南山区,海上世界站（Sea World Station），位于中国广东省深圳市南山区境内，是深圳市地铁集团有限公司管理运营的地铁车站，也是深圳地铁2号线和深圳地铁12号线的换乘站 。海上世界站于2007年8月获批建设2号线站层；于2009年6月15日完成2号线站层主体结构的封顶工作；于2010年12月28日通行深圳地铁2号线；于2017年7月7日获批建设12号线站层；于2022年11月28日通行深圳地铁12号线  。据2023年7月深圳地铁官网数据，海上世界站为地下二层岛式车站，共开放8个出入口，工作日运营时间为06:09至次日00:36 ；2号线站层主体结构长189米 ；12号线站层主体结构长386.2米 。
191,沙田,ShaTian,坪山区,沙田站（Shatian Station），位于中国广东省深圳市坪山区境内，是深圳市地铁集团有限公司运营的地铁车站，也是深圳地铁14号线一期工程的东端终点站 。沙田站于2021年1月18日主体结构封顶 ；于2022年10月28日投用运营 。据2022年10月深圳地铁官网显示，沙田站开放4个出入口，工作日运营时间为06:00-23:00 ；车站总长约538.4米，标准段宽约23.2米 。 
192,沙壆,Shabo,坪山区,沙壆站（Shabo Station），是深圳地铁16号线的一座地铁车站。该站于2022年12月28日投入运营。 
193,晒布,Shaibu,罗湖区,晒布站是中国广东省深圳市境内地铁车站，也是深圳地铁3号线的站点，位于广东省深圳市罗湖区东门中路与晒布路交汇处，沿东门中路布置。该站于2011年6月28日正式落成启用。
194,沙井,Shajing,宝安区,沙井站是深圳地铁11号线的车站，深圳地铁18号线（规划中）的车站，位于中国广东省深圳市宝安区宝安大道沙井街道（新沙路北侧），为高架站。在11号线上编号是15，在18号线上编号是13，于2016年6月30日正式启用。 未来在此站可换乘深圳地铁18号线，车站为地下站。
195,上川,Shangchuan,宝安区,上川站（Shangchuan Station），位于中国广东省深圳市宝安区境内，是深圳市地铁集团有限公司管理运营的地铁车站，也是深圳地铁12号线的中间站，因位于上川社区而得名 。上川站于2017年7月7日获批建设；于2020年11月26日主体结构封顶；于2022年11月28日通行深圳地铁12号线  。据2023年8月深圳地铁官网数据，上川站为地下二层岛式车站，共开放4个出入口，工作日运营时间为06:18至23:42 ；车站主体结构长度为537米，标准段宽度为21.7米，基坑深度为19米至20米 。
196,上芬,Shangfen,龙华区,上芬站是中国广东省深圳市境内地铁车站，位于深圳市龙华区，是深圳地铁6号线的一座车站 。该站在规划时叫上塘北站，后改名为上芬站。该站为高架站。该站也是深圳地铁6号线第一座封顶的车站。
197,尚景,Shangjing Station,龙岗区,尚景站是深圳地铁16号线的一座地铁车站，原名天健花园站，位于中国广东省深圳市龙岗区。该站于2022年12月28日投入运营。 
198,上李朗,Shanglilang,龙岗区,上李朗站（Shanglilang Station），位于中国广东省深圳市龙岗区境内，是深圳市地铁集团有限公司管理运营的地铁车站，也是深圳地铁10号线的途经站点 。上李朗站于2020年8月18日投用运营，通行深圳地铁10号线 。据2023年6月深圳地铁官网显示，上李朗站共开通3个出入口，工作日运营时间为05:57-23:43，休息日运营时间为06:22-23:43，节假日运营时间为06:16-次日00:43 。
199,上梅林,Shangmeilin,福田区,上梅林站（Shangmeilin Station）位于中国广东省深圳市福田区境内，由深圳市地铁集团有限公司和港铁轨道交通（深圳）有限公司共同管理运营，是深圳地铁4号线和深圳地铁9号线的换乘站 。 上梅林站于2011年6月16日投用运营，通行深圳地铁4号线；于2016年10月28日通行深圳地铁9号线 。据2022年8月深圳地铁官网显示，上梅林站共开通10个出入口，工作日运营时间为06:05-23:46 。
200,上沙,Shangsha,福田区,上沙站位于中国广东省深圳市境内，是深圳地铁7号线的车站，位于福强路与沙嘴路交叉路口西侧。上沙站为地下车站，共设有5个出入口。五期可换乘深圳地铁22号线，且是南端终点站。
201,上水径,Shangshuijing,龙岗区,上水径站（Shangshuijing Station）是中国广东省深圳市境内地铁车站，位于中国广东省深圳市龙岗区境内，是深圳市地铁集团有限公司管理运营的地铁车站，也是深圳地铁5号线的车站 。该站为地下站。上水径站于2011年6月22日通行深圳地铁5号线 。据2022年10月深圳地铁官网显示，上水径站共开放2个出入口，主体为地下结构，工作日运营时间为06:14-次日00:00，休息日运营时间为06:08-次日00:00，节假日运营时间为06:08-次日01:00 。
202,上塘,Shangtang,龙华区,上塘站（Shangtang Station），位于中国广东省深圳市龙华区境内，是港铁轨道交通（深圳）有限公司管理运营的地铁车站，是深圳地铁4号线的中间站 。上塘站于2011年6月16日投用运营，并通行深圳地铁4号线 。据2024年3月港铁深圳官网数据，上塘站开放6个出入口，运营时间为06:30至次日00:12，车站站台形式为高架三层岛式站台  。
203,上屋,Shangwu,宝安区,上屋站（Shangwu Station），工程名为“上屋北站”，位于中国广东省深圳市宝安区境内，是深圳市地铁集团有限公司管理运营的地铁车站，也是深圳地铁6号线的途经站点 。上屋站于2011年4月25日获批建设 ；于2020年8月18日通行深圳地铁6号线 。据2023年8月深圳地铁官网数据，上屋站共开放5个出入口，工作日运营时间为06:08至23:41，双休日运营时间为06:15至23:36，节假日运营时间为06:15至次日00:36 ；车站全长144米，宽20.1米，总建筑面积约8094平方米。
204,沙头角,Shatoujiao,盐田区,沙头角站（Shatoujiao Station），位于中国广东省深圳市盐田区境内，是深圳市地铁集团有限公司管理运营的地铁车站，也是深圳地铁8号线的途经站点 。沙头角站于2019年4月30日主体结构封顶 ；于2020年10月28日投用运营，通行深圳地铁8号线 。据2023年1月深圳地铁官网显示，沙头角站共开放4个出入口，工作日运营时间为06:00-次日00:20，休息日运营时间为06:02-次日00:20，节假日运营时间为06:02-次日01:20 ，左线全长544.766米，右线全长551.15米 。
205,沙尾,Shawei,福田区,沙尾站位于中国广东省深圳市境内，是深圳地铁7号线的车站，位于沙尾路与福强路交口，车站沿福强路南侧布设。沙尾站为地下车站，共设有4个出入口。
206,蛇口港,Shekou Port,南山区,蛇口港站是中国广东省深圳市境内地铁车站，也是深圳地铁2号线初期工程的第2站，于2010年12月28日随深圳地铁2号线初期工程试运营当天启用。蛇口港站位于深圳市南山区原蛇口客运码头旁，港湾大道南侧。车站呈西南至东北走向。车站周围有新蛇口邮轮中心（即太子湾邮轮母港）公交接驳点。该站为地下站。蛇口港站以地面水文化为设计主题 ，整体装修以海蓝色、白色为基调，清爽大气，再辅以波浪形吊顶，展现该站周边区域海陆相连的特色。 
207,盛平,Shengping Station,龙岗区,盛平站是深圳地铁16号线和深圳地铁31号线（规划中）的换乘站 ，为地下车站。盛平站于2022年12月28日通行深圳地铁16号线。 
208,深康,Shenkang,福田区,深康站是中国广东省深圳市境内地铁车站，也是深圳地铁2号线的车站，位于规划市政道路侨城东路与友邻路交叉路口，呈南北走向布置，北侧是安托山。 
209,深外高中,Shenwai Senior Campus,盐田区,深外高中站（Shenwai Senior Campus Station），位于中国广东省深圳市盐田区境内，是深圳市地铁集团有限公司管理运营的地铁车站，也是深圳地铁8号线的途经站点 。深外高中站于2019年12月7日主体结构完工 ；于2020年10月28日投用运营，通行深圳地铁8号线 。据2023年12月深圳地铁官网显示，深外高中站共开放3个出入口，工作日运营时间为06:02-次日00:29，休息日运营时间为06:02-次日00:28，节假日运营时间为06:02-次日01:28 ，全长205米，标准段宽17.9米 。
210,深湾,Shenwan,南山区,深湾站位于中国广东省深圳市境内，车站平行白石四道东西向布置，位于深圳南山区著名观光游览区，毗邻锦绣中华，世界之窗，欢乐海岸，深圳湾公园等景点的中心位置。深湾站为地下车站，共设有4个出入口。车站设有自助充值机设备，为乘客出行提供便利。
211,深云,Shenyun,南山区,深云站（Shenyun Station），位于中国广东省深圳市南山区境内，是深圳地铁7号线和深圳地铁7号线支线的一座车站，是深圳市地铁集团有限公司管理运营的地铁车站。共设有3个出入口，车站装修以米白色及橘黄色为主色调。 深云站于2016年10月28日随深圳地铁7号线开通投入运营  。 据2023年7月深圳地铁官网数据，深云站为地下车站，为3轨双岛式月台。
212,深圳湾公园,Shenzhen Bay Park,南山区,深圳湾公园站（Shenzhen Bay Park Station），位于中国广东省深圳市南山区境内，是深圳市地铁集团有限公司管理运营的地铁车站，也是深圳地铁9号线的途经站点 。深圳湾公园站于2016年10月28日投用运营，通行深圳地铁9号线 。据2023年6月深圳地铁官网显示，深圳湾公园站共开通5个出入口（其中A出入口仅限节假日开放），工作日和双休日运营时间为06:10-23:43，节假日运营时间为06:04-次日00:43 。口仅限节假日开放），工作日和双休日运营时间为06:10-23:43，节假日运营时间为06:04-次日00:43 。
213,深圳北,Shenzhen North Station,龙华区,深圳北站（Shenzhenbei Railway Station）位于中国广东省深圳市龙华区民治街道，由中国铁路广州局集团有限公司管辖，是深圳铁路“四主四辅”客运格局的核心车站。截至2016年5月，深圳北站是深圳市规模最大、接驳功能最为齐全、设备技术最先进、客运量最大的特大型综合铁路枢纽。配套地铁4、5、6号线。深圳北站于2007年开工建设，2008年12月正式命名为深圳北站，2011年12月26日正式投入使用。2019年12月7日起实施电子客票。 截至2011年12月，深圳北站占地240万平方米，设11台20线，预计年发送旅客达到5200万人次。
214,深大,Shenzhen University,南山区,深大站（Shenzhen University Station），位于中国广东省深圳市南山区，深圳大学东北侧，是深圳市地铁集团有限公司管理运营的地铁车站，也是深圳地铁1号线的车站 。该站是地下车站。深大站于2006年10月19日确定站名，于2007年3月开工建设，于2009年9月28日通行深圳地铁1号线 。据2022年1月深圳地铁官网显示，深大站共设5个出入口，主体为地下二层结构。车站工作日运营时间为06:02-23:36，休息日运营时间为06:17-23:36，节假日运营时间为06:17-00:36 。
215,深大南,Shenzhen University South,南山区,深大南站（Shenzhen University South Station），位于中国广东省深圳市南山区境内，是深圳市地铁集团有限公司管理运营的地铁车站，是深圳地铁9号线、深圳地铁15号线（在建）的一座中间车站 。深大南站车于2019年12月8日开通 。据2023年7月深圳地铁官网数据，深大南站为地下2层岛式车站，地下一层为站厅层，地下二层为站台层，设有2个出入口。
216,国展,Shenzhen World,宝安区,国展站（Shenzhen World Station），工程名为会展南站 ，位于中国广东省深圳市宝安区，由深圳市地铁集团有限公司管理运营，是深圳地铁12号线和深圳地铁20号线的换乘站 。国展站于2021年12月28日通行深圳地铁20号线 ；于2022年11月28日通行深圳地铁12号线 。据2023年1月深圳地铁官网显示，国展站共开放5个出入口，工作日运营时间为06:25至次日00:05，休息日运营时间为06:26至次日00:05，节假日运营时间为06:26至次日01:05  ，总建筑面积33744.24平方米 。
217,国展北,Shenzhen World North,宝安区,国展北站（Shenzhen World North Station），位于中国广东省深圳市宝安区境内，是深圳市地铁集团有限公司管理运营的地铁车站，是深圳地铁12号线和深圳地铁20号线的换乘车站 。国展北站于2021年12月28日通行深圳地铁20号线 ，于2022年11月28日通行深圳地铁12号线 。据2022年12月深圳地铁官网显示，国展北站共开放4个出入口，工作日运营时间为06:25-次日00:07 。
218,国展南,Shenzhen World South,宝安区,国展南站（Shenzhen World South Station），位于中国广东省深圳市宝安区境内，是深圳市地铁集团有限公司管理运营的地铁车站，也是深圳地铁20号线的途经站点 。国展南站于2021年12月28日投用运营，通行深圳地铁20号线 。据2022年8月深圳地铁官网显示，国展南站共开通4个出入口，工作日运营时间为07:04-22:07 。
219,石井,Shijing,坪山区,石井站是中国广东省深圳市境内地铁车站，深圳地铁16号线和深圳地铁23号线（规划）的换乘站。 石井站于2022年12月28日通行深圳地铁16号线。 
220,石厦,Shixia,福田区,石厦站（Shixia Station）是中国广东省深圳市境内地铁车站，位于中国广东省深圳市福田区境内，是深圳市地铁集团有限公司管理运营的地铁车站，也是深圳地铁3号线和深圳地铁7号线的换乘站 。石厦站于2011年6月28日投用运营，通行深圳地铁3号线；于2016年10月28日通行深圳地铁7号线 。据2022年8月深圳地铁官网显示，石厦站共开通5个出入口，工作日运营时间为06:05-次日00:09 。
221,石芽岭,Shiyaling,龙岗区,石芽岭站（Shiyaling Station），位于中国广东省深圳市龙岗区境内，是深圳市地铁集团有限公司运营的地铁车站，也是深圳地铁14号线的途经站点 。石芽岭站于2021年3月15日主体结构封顶 ；于2022年10月28日投用运营 。据2023年7月深圳地铁官网数据，石芽岭站开放6个出入口，运营时间为06:14至23:44 ；总长度为478.226米，宽度为23.2米 。
222,购物公园,Shopping Park,福田区,购物公园站（Shopping Park Station），位于中国广东省深圳市福田区，由深圳市地铁集团有限公司管理运营，是深圳地铁1号线和深圳地铁3号线的换乘站 。购物公园站于2004年12月28日投用运营，通行深圳地铁1号线；于2010年12月28日通行深圳地铁3号线 。据2022年5月深圳地铁官网显示，购物公园站共开通8个出入口，工作日运营时间为06:07-次日00:07 。
223,双龙,Shuanglong Station,龙岗区,双龙站（Shuanglong Station）是中国广东省深圳市境内地铁车站，也是深圳地铁3号线和深圳地铁16号线的换乘站，也是深圳地铁3号线东端终点站（预留延伸至坪地六联站）属于高架地铁车站，该车站位于位于深圳市龙岗区龙岗阁龙岗大道旁， 东侧为深汕路、西侧为龙岗大道、北侧为龙西东路，因同时靠近龙岗街道和龙城街道而得名。双龙站于2010年12月28日投用运营，通行深圳地铁3号线；于2022年12月28日通行深圳地铁16号线 。
224,双拥街,Shuangyong St,龙岗区,双拥街站（Shuangyong St Station），工程名“平湖中心站”，位于中国广东省深圳市龙岗区境内，是深圳市地铁集团有限公司管理运营的地铁车站，是深圳地铁10号线的北端终点站，也是亚洲最长的地铁单体车站 。双拥街站于2016年2月15日完成第一阶段围蔽工作 ；于2016年11月23日确定站名 ；于2020年8月18日投用运营 。据2023年9月深圳地铁官网数据，双拥街站共有4个出入口，工作日运营时间为06:20-23:00 。截至2020年4月，双拥街站地下总建筑面积为38040平方米 。
225,水贝,Shuibei,罗湖区,水贝站（Shuibei Station），位于中国广东省深圳市境内，是深圳市地铁集团有限公司管理运营的地铁车站，也是深圳地铁3号线的途经车站 。水贝站于2011年6月28日投用运营 。据2024年1月深圳地铁官网数据，水贝站为地下二层岛式结构，车站工作日的运营时间为06:08至23:42 。
226,水湾,Shuiwan,南山区,水湾站是中国广东省深圳市境内地铁车站，为深圳地铁2号线车站，位于深圳市南山区太子路与水湾路交叉路口的西侧，沿太子路正下方平行设置，车站大致呈东至西走向。车站临近南水步行街、海上世界等深圳著名商业中心及旅游景点，北侧有招商发展中心及两所重点学校：育才小学、育才中学。 该站为地下站。 
227,薯田埔,Shutianpu,光明区,薯田埔站（Shutianpu Station），位于中国广东省深圳市光明区境内，是深圳市地铁集团有限公司管理运营的地铁车站，也是深圳地铁6号线的途经站点 。薯田埔站于2011年4月25日获批建设 ；于2020年8月18日通行深圳地铁6号线 。据2023年8月深圳地铁官网数据，薯田埔站共开放4个出入口，工作日和双休日运营时间为06:19至次日00:04，节假日运营时间为06:19至次日01:04 ；车站全长144米，宽18.1米，总建筑面积7359.01平方米。
228,四海,Sihai,南山区,四海站（Sihai Station），位于中国广东省深圳市南山区境内，是深圳市地铁集团有限公司管理运营的地铁车站，也是深圳地铁12号线的中间站 。四海站于2017年7月获批建设；于2022年4月22日确定站名；于2022年11月28日通行深圳地铁12号线 。据2023年7月深圳地铁官网数据，四海站共开放5个出入口，主体为地下二层结构，全天运营时间为06:12-次日00:03 。
229,四联,Silian,龙岗区,四联站是深圳地铁14号线的普通站，位于恒心路、红棉路和横岗一号路的交叉口，为地下车站。四联站于2022年10月28日通行深圳地铁14号线。 远期将换乘深圳地铁18号线和深圳地铁19号线，且站台结构已为深圳地铁18号线预留。（无深圳地铁19号线预留）
230,松岗,Songgang,宝安区,松岗站（Songgang Station），位于中国广东省深圳市宝安区境内，是深圳市地铁集团有限公司管理运营的地铁车站，也是深圳地铁6号线和深圳地铁11号线的换乘站 。松岗站于2016年6月28日投用运营，通行深圳地铁11号线；于2020年8月18日通行深圳地铁6号线。据2023年8月深圳地铁官网显示，松岗站共开通6个出入口，运营时间为06:07-次日00:28 ，车站总长494米，主体结构为地下三层三柱四跨钢筋混凝土结构 。
231,松岗公园,Songgang Park,宝安区,松岗公园站（Songgang Park Station）是中国广东省深圳市境内地铁车站，位于中国广东省深圳市宝安区境内，是深圳市地铁集团有限公司管理运营的地铁车站，是深圳地铁6号线的一座车站。该站为地下站，为岛式站台 。松岗公园站于2020年8月18日11时18分随深圳地铁6号线开通投入运营 。据2023年7月深圳地铁官网数据，松岗公园站为地下车站，共设4个出入口。
232,松元厦,Songyuanxia,龙华区,松元厦站（Songyuanxia Station）是中国广东省深圳市境内地铁车站，位于中国广东省深圳市龙华区境内。是港铁轨道交通 ( 深圳 ) 有限公司管理运营的地铁车站，是深圳地铁4号线和深圳地铁22号线（规划中）的一座车站。松元厦站于2019年6月21日主体结构封顶 ，于2020年10月28日开通，为地下两层（局部四层）车站。
233,体育中心,Sports Center,福田区,体育中心站（Sport Center Station）是中国广东省深圳市境内地铁车站，位于中国广东省深圳市福田区境内，是深圳市地铁集团有限公司管理运营的地铁车站，也是深圳地铁6号线的途经站点 。体育中心站于2020年8月18日投用运营，通行深圳地铁6号线 。据2022年8月深圳地铁官网显示，体育中心站共开通4个出入口，工作日运营时间为06:23-次日00:07 。
234,中大,Sun Yat-sen University,光明区,中大站（Sun Yat-sen University Station），位于中国广东省深圳市光明区境内，是深圳市地铁集团有限公司管理运营的地铁车站，也是深圳地铁6号线支线的车站 。中大站于2022年11月28日通行深圳地铁6号线支线 。据2022年11月深圳地铁官网显示，中大站共设置7个出入口，主体为地下二层结构 。
235,笋岗,Sungang,罗湖区,笋岗站位于中国广东省深圳市境内，是深圳地铁7号线的一座地底车站，共设有6个出入口。车站装修以米白及淡蓝色为主色调，以LED环形造型灯具为设计特色。未来将换乘深圳地铁17号线。 
236,太安,Tai'an,罗湖区,太安站（Tai'an Station）位于中国广东省深圳市罗湖区境内，是深圳市地铁集团有限公司管理运营的地铁车站，也是深圳地铁5号线和深圳地铁7号线的换乘站 。太安站于2011年6月22日投用运营，通行深圳地铁5号线；于2016年10月28日通行深圳地铁7号线 。据2022年8月深圳地铁官网显示，太安站共开通5个出入口，工作日运营时间为06:09-次日00:13 。
237,太子湾,Taiziwan,南山区,太子湾站（Taiziwan Station），位于中国广东省深圳市南山区境内，是深圳市地铁集团有限公司管理运营的地铁车站，也是深圳地铁12号线的中间站 。太子湾站于2017年7月7日获批建设；于2020年11月14日主体结构封顶；于2022年11月28日通行深圳地铁12号线  。据2023年7月深圳地铁官网数据，太子湾站为地下三层岛式车站，共开放5个出入口，全天运营时间为06:22-次日00:10 ；车站主体结构全长约240米、基坑标准段深度为27.52米、盾构井处深度为30.15米  。
238,塘坑,Tangkeng,龙岗区,塘坑站是中国广东省深圳市境内地铁车站，为深圳地铁3号线的一座车站，位于龙岗大道与平盐铁路交叉口西南角，也是深圳地铁3号线小交路折返站。该站为地下站，也是深圳地铁3号线一期工程的唯一一个地下车站。塘坑站呈东西走向，北侧紧贴规划的205国道（龙岗大道），东侧为横跨龙岗大道的平盐铁路桥，南面为塘坑路，西面六和路。 
239,塘朗,Tanglang,南山区,塘朗站(Tanglang Station)为是中国广东省深圳市境内地铁车站，深圳地铁5号线车站，位于深圳市南山区桃源街道塘朗山脚下，在塘朗车辆段旁边，延留仙大道大致呈东西向布设。车站西南侧为5号线塘朗车辆段，南侧为塘朗城及塘朗山公园，西侧为塘朗村，北侧为宝能城，该站5号线站台为高架岛式站台，在地上3层。预计2034年，深圳地铁21号线将于塘朗设站，届时塘朗站将变为换乘站。无换乘预留。 
240,塘尾,Tangwei,宝安区,塘尾站（Tangwei Station），位于中国广东省深圳市，是深圳市地铁集团有限公司运营管理的地铁车站，通行深圳地铁11号线 。塘尾站于2012年开工建设；于2016年6月28日随深圳地铁11号线开通而投入运营 。据2021年2月深圳地铁官网显示，塘尾站共有4个出入口，工作日运营时间为06:27-00:18，休息日运营时间为06:32-00:17，节假日运营时间为06:18-00:48 ；塘尾站全长187.4米，宽度18.2米，总建筑面积为9719.1平方米 。
241,桃园,Taoyuan,南山区,桃园站（Taoyuan Station），位于中国广东省深圳市南山区境内，是深圳市地铁集团有限公司管理运营的地铁车站，也是深圳地铁1号线和深圳地铁12号线的换乘站 。桃园站于2011年6月15日通行深圳地铁1号线；于2022年11月28日通行深圳地铁12号线 。据2024年3月深圳地铁官网数据，桃园站共开放6个出入口，工作日运营时间为06:00至次日00:26 ；1号线站层为地下二层岛式车站，主体结构长182.6米；12号线站层为地下三层岛式车站，主体结构长184.55米 。
242,桃源村,Taoyuancun,南山区,桃源村站（Taoyuancun Station），位于中国广东省深圳市南山区境内，是深圳市地铁集团有限公司管理运营的地铁车站，也是深圳地铁7号线的途经站点 。桃源村站于2014年8月18日主体结构封顶 ；于2016年10月28日投用运营，通行深圳地铁7号线 。据2023年5月深圳地铁官网显示，桃源村站共开放4个出入口，工作日运营时间为06:11-23:46，休息日运营时间为06:17-23:46，节假日运营时间为06:17-次日00:46 。桃源村站全长211.7米，标准段宽20米、高13.29米 。
243,田贝,Tianbei,罗湖区,田贝站（Tianbei Station）位于中国广东省深圳市罗湖区境内，是深圳市地铁集团有限公司管理运营的地铁车站，也是深圳地铁3号线和深圳地铁7号线的换乘站 。田贝站于2011年6月28日投用运营，通行深圳地铁3号线；于2016年10月28日通行深圳地铁7号线 。据2022年10月深圳地铁官网显示，田贝站共开通7个出入口，工作日运营时间为06:10-23:55 。
244,田心,Tianxin,坪山区,田心站（Tianxin Station），位于中国广东省深圳市坪山区，是深圳地铁16号线的起、终点站。田心站于2022年12月28日投用运营。据2023年3月百度地图显示，田心站开放3个出入口  。
245,同乐南,Tongle South,南山区,同乐南站（Tongle South Station），工程名为“同乐站”，位于中国广东省深圳市南山区境内，是深圳市地铁集团有限公司管理运营的地铁车站，也是深圳地铁12号线的中间站，因位于同乐村南部而得名 。同乐南站于2020年11月27日主体结构封顶；于2022年11月28日通行深圳地铁12号线  。据2023年8月深圳地铁官网数据，同乐南站为地下三层岛式车站，共开放4个出入口，工作日运营时间为06:25至23:49 ；车站主体结构总长度为179.2米，标准段宽度为21.5米，深度为25.73米  。
246,通新岭,Tongxinling,福田区,通新岭站（Tongxinling Station）是中国广东省深圳市境内地铁车站，位于深圳市福田区境内，是深圳市地铁集团有限公司管理运营的地铁车站，也是深圳地铁3号线和深圳地铁6号线的换乘站 。该站是地下车站。通新岭站于2011年6月28日投用运营，通行深圳地铁3号线；于2020年8月18日通行深圳地铁6号线 。据2022年8月深圳地铁官网显示，通新岭站共开通8个出入口，工作日运营时间为06:01-次日00:09 。
247,大运,Universiade,龙岗区,大运站（Universiade Station），位于中国广东省深圳市龙岗区境内，是深圳市地铁集团有限公司管理运营的地铁车站，是深圳地铁3号线、深圳地铁14号线和深圳地铁16号线的换乘站  ，也是大运综合交通枢纽的重要组成部分 。大运站于2010年12月28日投用运营，通行深圳地铁3号线；于2022年10月28日通行深圳地铁14号线；于2022年12月28日通行深圳地铁16号线 。据2024年1月深圳地铁官网数据，大运站共开通9个出入口，工作日运营时间为05:49-次日00:00，双休日运营时间为05:58-次日00:00，节假日运营时间为05:58-次日01:00  。大运综合交通枢纽全长785米，总建筑面积约162798平方米 。
248,大运中心,Universiade Center,龙岗区,大运中心站（Universiade Center Station），工程名为“大运北站”，位于中国广东省深圳市龙岗区境内，是深圳市地铁集团有限公司管理运营的地铁车站，也是深圳地铁16号线的途经站点 。大运中心站于2020年12月8日主体结构封顶 ；于2022年12月28日通行深圳地铁16号线 。据2023年8月深圳地铁官网数据，大运中心站共开放6个出入口，工作日和双休日运营时间为05:59至23:47，节假日运营时间为05:59至次日00:47 ；车站全长252.3米，宽20.8米，基坑开挖深度18.6米至24.3米，站台形式为岛式站台 。
249,大学城,University Town,南山区,大学城站 是中国广东省深圳市境内地铁车站，位于留仙大道和丽山路丁字路口西侧，沿留仙大道布置。本站为地下一岛一侧式车站。车站总长度为416.2m，标准段宽度为26.80m，车站总建筑面积22819.08m。
250,技术大学,University of technology,坪山区,技术大学站是深圳地铁16号线的一座地铁车站。该站于2022年12月28日投入运营。 
251,湾厦,Wanxia,南山区,湾厦站是中国广东省深圳市境内地铁车站，也是深圳地铁2号线的一座车站，位于后海滨路和招商东路交接处后海滨路的下方，呈南北走向布置，该站是地下双岛式车站。 
252,海上田园东,Waterlands Resort East,宝安区,海上田园东站（Waterlands Resort East Station），位于中国广东省深圳市宝安区境内，是深圳市地铁集团有限公司管理运营的地铁车站，也是深圳地铁12号线的北端终点站 。海上田园东站于2017年7月获批建设；于2019年9月16日主体结构封顶；于2022年11月28日通行深圳地铁12号线  。据2023年5月深圳地铁官网数据，海上田园东站为地下二层岛式车站，共开放4个出入口，全天运营时间为06:20-次日00:11 ；车站基坑主体结构长度为474.74米，宽度为22.2米，基坑深度为16.7米至23.8米 。
253,海上田园南,Waterlands Resort South,宝安区,海上田园南站（Waterlands Resort South Station），工程名为“科技馆站”，位于中国广东省深圳市宝安区境内，是深圳市地铁集团有限公司管理运营的地铁车站，也是深圳地铁12号线的中间站 。海上田园南站于2017年7月获批建设；于2021年1月19日主体结构封顶；于2022年11月28日通行深圳地铁12号线  。据2023年5月深圳地铁官网数据，海上田园南站为地下二层岛式车站，共开放2个出入口，全天运营时间为06:22-次日00:09；车站主体结构总长度230.6米，宽度20.3米，深度20.85米  。
254,文锦,Wenjin,罗湖区,文锦站是深圳地铁9号线和深圳地铁25号线（远期规划）的东端终点站，车站位于中国广东省深圳市境内，沿春风路呈东西方向设置，为地下两层岛式车站，也是9号线的终点站，深圳地铁25号线站台布置不详，在9号线编号是32，在深圳地铁25号线编号是02。 
255,世界之窗,Window of the World,南山区,世界之窗站（Window of the World Station），位于中国广东省深圳市南山区，是深圳市地铁集团有限公司管理运营的地铁车站，是深圳地铁1号线、深圳地铁2号线的换乘车站 。世界之窗站是中国国内首个建于地下、不出地面即可实现地铁与公交的无缝接驳的地铁换乘枢纽车站 。世界之窗站于2004年12月28日投入使用并通行深圳地铁1号线 ；2010年12月28日，世界之窗站通行深圳地铁2号线 。据2020年12月深圳地铁官网显示，世界之窗站共有8个出入口，工作日运营时间为06:09至次日00:12 。
256,五和,Wuhe,龙岗区,五和站（Wuhe Station），位于中国广东省深圳市龙岗区，是深圳市地铁集团有限公司运营管理的地铁车站，是深圳地铁5号线和深圳地铁10号线的换乘站 。五和站于2008年3月26日开工建设；2010年1月10日，五和站5号线车站主体结构封顶；2011年6月22日，五和站随深圳地铁5号线一期工程的开通而投入使用 ；2020年8月18日，五和站通行深圳地铁10号线 。据2022年2月深圳地铁官网显示，五和站共有出入口4个，工作日运营时间为06:03-23:53，休息日运营时间为06:01-23:53，节假日运营时间为06:01-次日00:53 。
257,梧桐山南,Wutong Mountain South,罗湖区,梧桐山南站（Wutong Mountain South Station），位于中国广东省深圳市罗湖区境内，是深圳市地铁集团有限公司管理运营的地铁车站，也是深圳地铁8号线的途经站点 。梧桐山南站于2017年11月19日主体结构封顶 ；于2020年10月28日投用运营，通行深圳地铁8号线 。据2023年1月深圳地铁官网显示，梧桐山南站共开放4个出入口，工作日运营时间为06:05-次日00:15，休息日运营时间为06:00-次日00:15，节假日运营时间为06:00-次日01:15 ，车站总长197.218米 。
258,下梅林,Xiameilin,福田区,下梅林站（Xiameilin Station），位于中国广东省深圳市福田区境内，由深圳市地铁集团有限公司管理运营，是深圳地铁9号线的途经站点。 据2022年11月深圳地铁官网显示，下梅林站共开放5个出入口。
259,香梅,Xiangmei,福田区,香梅站是深圳地铁9号线和深圳地铁24号线（远期规划）的一座车站，位于中国广东省深圳市境内，车站平行红荔西路东西向布置。
260,香梅北,Xiangmei North,福田区,香梅北站是中国广东省深圳市境内地铁车站，也是深圳地铁2号线的车站，位于香梅路与侨香路交叉路口西北侧，斜穿侨香路布置，呈东西走向 。
261,香蜜,Xiangmi,福田区,香蜜站是中国广东省深圳市境内地铁车站，为深圳地铁2号线东延线上的一座车站，于2011年6月28日随深圳地铁2号线全线贯通 投入使用。香蜜站位于深圳市福田区侨香路与香蜜湖路的交叉路口的东侧，主要位于侨香路北侧道路及北侧绿化带内，大致呈东西走向。该站为地下站，车站主体在侨香路北侧地下布置。 
262,香蜜湖,Xiangmihu,福田区,香蜜湖站（Xiangmihu Station），位于中国广东省是中国广东省深圳市境内地铁车站，也是深圳市福田区境内，由深圳市地铁集团有限公司管理运营，是深圳地铁1号线的途经站点 。香蜜湖站于2004年12月28日投用运营，通行深圳地铁1号线 。据2022年8月深圳地铁官网显示，香蜜湖站共开放4个出入口，工作日运营时间为06:04-23:49 。
263,向西村,Xiangxicun,罗湖区,向西村站是深圳地铁9号线的一座车站，位于中国广东省深圳市境内。向西村站为地下车站，共设有6个出入口。
264,仙湖路,Xianhu Rd,罗湖区,仙湖路站（Xianhu Road Station）是中国广东省深圳市境内地铁车站，位于中国广东省深圳市，是深圳市地铁集团有限公司运营管理的地铁车站，是深圳地铁2号线三期工程东延段的站点，通行深圳地铁2号线，该站位于深圳罗湖莲塘片区的国威路与仙湖路交汇处，为地下二层车站 。仙湖路站于2016年开工建设；2020年10月28日，仙湖路站随深圳地铁2号线东延段（新秀—莲塘）的开通投入使用 。据2021年11月深圳地铁官网显示，仙湖路站开放7个出入口，工作日运营时间为06:08-00:07。休息日运营时间为06:09-00:07，节假日运营时间为06:09-01:07 。
265,小梅沙,Xiaomeisha,盐田区,小梅沙站（Xiaomeisha Station），位于中国广东省深圳市盐田区境内，是深圳市地铁集团有限公司管理运营的地铁车站，也是深圳地铁8号线二期的东端终点站 。小梅沙站于2021年1月26日主体结构封顶；于2023年9月1日确定站名 ；于2023年12月27日投用运营，通行深圳地铁8号线 。
266,下沙,Xiasha,福田区,下沙站是深圳地铁9号线的一座车站，位于中国广东省深圳市境内。下沙站为地下车站，共设有3个出入口。
267,下水径,Xiashuijing,龙岗区,下水径站是中国广东省深圳市境内地铁车站，为深圳地铁5号线的车站，位于深圳布吉镇吉华路北水径村路段地下，主体沿吉华路呈南北走向。在5号线上编号是8，无线路进行换乘，于2011年6月22日建设并投入使用。该站为地下站。
268,茜坑,Xikeng,龙华区,茜坑站（Xikeng Station）是中国广东省深圳市境内地铁车站，位于中国广东省深圳市深圳市龙华区境内，是港铁轨道交通 ( 深圳 ) 有限公司管理运营的地铁车站 ，是深圳地铁4号线的一座车站。茜坑站于2020年10月28日开通 ，为地下两层车站。
269,西丽,Xili,南山区,西丽站（Xili Station）是中国广东省深圳市境内地铁车站，位于中国广东省深圳市南山区境内，是深圳市地铁集团有限公司管理运营的地铁车站，也是深圳地铁5号线和深圳地铁7号线的换乘站 。西丽站于2011年6月22日投用运营，通行深圳地铁5号线；于2016年10月28日通行深圳地铁7号线 。截止2022年8月深圳地铁官网显示，西丽站共开通6个出入口，工作日运营时间为06:10-23:54 。远期将通行深圳地铁27号线 ，且站台结构已为其预留。
270,西丽湖,Xili Lake,南山区,西丽湖站（Xili Lake Station），位于中国广东省深圳市南山区境内，是深圳地铁7号线车站北边终点站，也是深圳地铁7号线与地铁7号线二期 （在建）换乘站。是深圳市地铁集团有限公司管理运营的地铁车站。西丽湖站于2016年10月28日随深圳地铁7号线开通投入使用。据2023年7月深圳地铁官网数据，西丽湖站为地下车站，设3个出入口 。车站全长565.812米，其中车站主体部分长295.45米。
271,新安,Xin'an,宝安区,新安站（Xin'an Station）是中国广东省深圳市境内地铁车站，位于中国广东省深圳市宝安区境内，由深圳市地铁集团有限公司管理运营，是深圳地铁1号线上的中间站 。该站是地下站。新安站于2011年6月15日投用运营，通行深圳地铁1号线 。据2022年7月深圳地铁官网显示，新安站共开放5个出入口，工作日运营时间为06:01-23:49 。
272,新安公园,Xin'an Park,宝安区,新安公园站（Xin'an Park Station），位于中国广东省深圳市宝安区境内，是深圳市地铁集团有限公司管理运营的地铁车站，也是深圳地铁12号线的中间站，因邻近新安公园而得名 。新安公园站于2019年9月27日主体结构封顶；于2022年11月28日通行深圳地铁12号线  。据2023年8月深圳地铁官网数据，新安公园站为地下二层岛式车站，共开放5个出入口，工作日运营时间为06:22至23:46 ；车站主体结构长度为219.5米，站台长度为140米，宽度为11米 。
273,兴东,Xingdong,宝安区,兴东站（XingDong Station），位于中国广东省深圳市宝安区境内，是深圳市地铁集团有限公司管理运营的地铁车站，也是深圳地铁5号线的途经站点 。兴东站于2009年7月13日主体结构封顶 ；于2011年6月22日投用运营，通行深圳地铁5号线 。据2023年8月深圳地铁官网数据，兴东站共开通4个出入口，工作日运营时间为05:52至23:50，双休日运营时间为05:54至23:50，节假日运营时间为05:54至次日00:50 ，基坑长266.35米，宽19.10至21.45米，深17.2至18.8米 。
274,兴围,Xingwei,宝安区,兴围站（Xingwei Station），工程名为“黄田站”，位于中国广东省深圳市宝安区境内，是深圳市地铁集团有限公司管理运营的地铁车站，也是深圳地铁12号线的中间站，因位于兴围社区而得名 。兴围站于2017年7月7日获批建设；于2019年11月20日主体结构封顶；于2022年11月28日通行深圳地铁12号线   。据2023年8月深圳地铁官网数据，兴围站为地下二层岛式车站，共开放2个出入口，工作日运营时间为06:07至23:47 ；车站总建筑面积约4380平方米，主体结构长214米，标准段宽20.1米，底板埋深18米 。
275,新和,Xinhe Station,宝安区,新和站是深圳地铁16号线和深圳地铁19号线（规划）的换乘站， 为地下车站。新和站于2022年12月28日通行深圳地铁16号线。 
276,新塘围,Xintangwei Station,龙岗区,新塘围站是深圳地铁16号线的一座地铁车站， 位于中国广东省深圳市龙岗区。该站于2022年12月28日投入运营。 
277,新秀,Xinxiu,罗湖区,新秀站（Xinxiu station），位于中国广东省深圳市，是深圳市地铁集团有限公司运营管理的地铁车站，是深圳地铁二期工程2号线东延段终点站，通行深圳地铁2号线 。新秀站于2008年开工建设；2011年6月28日，新秀站随深圳地铁2号线东延段（世界之窗—新秀）的开通投入使用 。据2021年2月深圳地铁官网显示，新秀站共有出入口2个，工作日运营时间为06:20-00:06，休息日运营时间为06:19-06:06，节假日运营时间为06:20-00:30 。
278,溪头,Xitou,宝安区,溪头站是中国广东省深圳市境内地铁车站，也是深圳地铁6号线的车站，为地下岛式站台 。2020年8月18日11时18分，深圳地铁6号线开通，该站正式开门迎客。 远期规划中溪头站将成为深圳地铁6号线和26号线的换乘站。
279,西乡,Xixiang,宝安区,西乡站（Xixiang Station）是中国广东省深圳市境内地铁车站，位于中国广东省深圳市宝安区境内，是深圳市地铁集团有限公司管理运营的地铁车站，也是深圳地铁1号线的途经站点 。西乡站于2011年6月15日投用运营，通行深圳地铁1号线 。据2022年8月深圳地铁官网显示，西乡站共开通4个出入口，工作日运营时间为06:08-23:57 。
280,西乡桃源,Xixiang Taoyuan,宝安区,西乡桃源站（Xixiang Taoyuan Station），工程名为“桃源居站”，位于中国广东省深圳市宝安区境内，是深圳市地铁集团有限公司管理运营的地铁车站，也是深圳地铁12号线的中间站 。西乡桃源站于2017年7月获批建设；于2020年9月7日主体结构封顶；于2022年11月28日通行深圳地铁12号线  。据2023年3月深圳地铁官网显示，西乡桃源站共开放3个出入口，运营时间为06:08-23:40；车站主体结构长226米  。
281,雪象,Xuexiang,龙岗区,雪象站（Xuexiang Station），位于中国广东省深圳市龙岗区境内，是深圳市地铁集团有限公司管理运营的地铁车站，也是深圳地铁10号线的途经站点 。雪象站于2018年10月主体结构封顶 ；于2020年8月18日投用运营，通行深圳地铁10号线 。据2024年1月深圳地铁官网数据，雪象站共开放5个出入口，工作日运营时间为05:46-23:35，休息日运营时间为05:50-23:35，节假日运营时间为05:50-次日00:35 。雪象站全长509米，总建筑面积37255.2平方米 。
282,雅宝,Yabao,龙岗区,雅宝站（Yabao Station），工程名为“创新园站”，位于中国广东省深圳市龙岗区境内，是深圳市地铁集团有限公司管理运营的地铁车站，也是深圳地铁10号线的途经站点 。雅宝站于2017年6月29日主体结构封顶 ；于2020年8月18日投用运营，通行深圳地铁10号线 。据2024年1月深圳地铁官网数据，雅宝站共开放5个出入口，工作日运营时间为06:03至23:37，双休日运营时间为06:07至23:37，节假日运营时间为06:07至次日00:37 ；车站全长328.3米、宽18.8米。
283,杨美,Yangmei,龙岗区,杨美站是中国广东省深圳市境内地铁车站，隶属于深圳地铁5号线，位于广东省深圳市龙岗区布龙公路与雪围路（规划环城公路）交叉口，沿布龙公路东西方向布设。车站北侧为彩虹印刷厂，东南侧为荣基石材，南侧为佳兆业上品雅园，西北侧为杨美村。杨美站于2011年6月22日建设并投入使用。该站为地下站。
284,阳台山东,Yangtai Mountain East,龙华区,阳台山东站（Yangtai Mountain East Station），位于中国广东省深圳市龙华区境内，是深圳市地铁集团有限公司管理运营的地铁车站，也是深圳地铁6号线的途经站点，因位于阳台山森林公园东侧而得名 。阳台山东站于2011年4月25日获批建设 ；于2020年8月18日通行深圳地铁6号线 。据2023年8月深圳地铁官网数据，阳台山东站共开放4个出入口，工作日运营时间为06:08至23:48，双休日运营时间为06:15至23:49，节假日运营时间为06:15至次日00:41 ；车站全长150米，宽18.1米，总建筑面积约7552平方米。
285,燕南,Yannan,福田区,燕南站（Yannan Station）是中国广东省深圳市境内地铁车站，位于中国广东省深圳市福田区境内，是深圳市地铁集团有限公司管理运营的地铁车站，也是深圳地铁2号线的途经站点 。燕南站于2011年6月28日投用运营，通行深圳地铁2号线 。据2022年8月深圳地铁官网显示，燕南站共开通3个出入口，工作日运营时间为06:06-23:52 。
286,盐田港西,Yantian Port West,盐田区,盐田港西站（Yantian Port West Station），位于中国广东省深圳市盐田区境内，是深圳市地铁集团有限公司管理运营的地铁车站，也是深圳地铁8号线的途经站点 。盐田港西站于2020年6月12日附属结构封顶 ；于2020年10月28日投用运营，通行深圳地铁8号线 。据2023年12月深圳地铁官网显示，盐田港西站共开放4个出入口，工作日运营时间为06:00-次日00:25，休息日运营时间为06:05-次日00:25，节假日运营时间为06:05-次日01:25 ，总长约309米，标准段宽20.3米 。
287,盐田路,Yantian Rd,盐田区,盐田路站（Yantian Road Station），位于中国广东省深圳市盐田区境内，是深圳市地铁集团有限公司管理运营的地铁车站，也是深圳地铁8号线的途经站点 。盐田路站于2020年10月28日投用运营，通行深圳地铁8号线 。据2023年12月深圳地铁官网显示，盐田路站共开通6个出入口，工作日运营时间为06:12-23:10 。
288,盐田墟,Yantianxu,盐田区,盐田墟站（Yantianxu Station），工程名为“盐田食街站”，位于中国广东省深圳市盐田区境内，是深圳市地铁集团有限公司管理运营的地铁车站，也是深圳地铁8号线的中间站 。盐田墟站于2021年8月18日主体结构封顶；于2023年9月1日确定站名 ；于2023年12月27日投用运营，通行深圳地铁8号线 。盐田墟站为地下二层岛式车站，共设置3个出入口；车站主体结构长度为210.8米，站台宽度为11米 。
289,燕子湖,Yanzihu,坪山区,燕子湖站（Yanzihu Station），位于中国广东省深圳市坪山区，是深圳地铁16号线的一座地铁车站。 该站于2022年12月28日投入运营。 
290,怡海,Yihai,南山区,怡海站(Yihai Station)，是深圳地铁9号线的一座车站，位于中国广东省深圳市境内，车站沿呈东西方向布置，为地下2层车站。于2019年12月8日开通。远期可换乘深圳地铁27号线（远期规划）。 
291,怡景,Yijing,罗湖区,怡景站（Yijing Station）是中国广东省深圳市境内地铁车站，位于中国广东省深圳市罗湖区境内，是深圳市地铁集团有限公司管理运营的地铁车站，也是深圳地铁5号线的车站 。怡景站于2011年6月22日通行深圳地铁5号线 。据2022年10月深圳地铁官网显示，怡景站共设置4个出入口，主体为地下结构，工作日运营时间为06:12-次日00:16，休息日运营时间为06:22-次日00:16，节假日运营时间为06:22-次日01:16 。
292,银湖,Yinhu,罗湖区,银湖站（Yinhu station），位于中国广东省深圳市罗湖区境内，是深圳市地铁集团有限公司管理运营的地铁车站，也是深圳地铁6号线和深圳地铁9号线的换乘站 。银湖站于2016年10月28日投用运营，通行深圳地铁9号线；于2020年8月18日通行深圳地铁6号线 。据2023年7月深圳地铁官网数据，银湖站共开通2个出入口，工作日运营时间为06:10至次日00:10，双休日运营时间为06:09至次日00:03，节假日运营时间为06:06至次日01:03 。
293,益田,Yitian,福田区,益田站（Yitian Station）是中国广东省深圳市境内地铁车站，位于中国广东省深圳市福田区境内，是深圳市地铁集团有限公司管理运营的地铁车站，也是深圳地铁3号线的途经站点 。益田站于2011年6月28日投用运营，通行深圳地铁3号线 。据2022年8月深圳地铁官网显示，益田站共开通4个出入口，工作日运营时间为06:20-次日00:11 。
294,永湖,Yonghu,龙岗区,永湖车站是中国广东省深圳市境内地铁车站，隶属于深圳地铁3号线，位于龙岗大道横坪立交以南及锦利路口，车站西面有永湖路，南面有锦利路。 永湖站于2010年12月28日正式启用，为高架地铁站。
295,元芬,Yuanfen,龙华区,元芬站（Yuanfen Station），位于中国广东省深圳市龙华区境内，是深圳市地铁集团有限公司管理运营的地铁车站，也是深圳地铁6号线的途经站点 。元芬站于2011年4月25日获批建设 ；于2020年8月18日通行深圳地铁6号线 。据2023年8月深圳地铁官网数据，元芬站共开放5个出入口，工作日运营时间为06:05至23:51，双休日运营时间为06:12至23:52，节假日运营时间为06:12至次日00:44 ；车站全长144米，宽18.1米，高22.8米，总建筑面积7700.18平方米。
296,园岭,Yuanling,福田区,园岭站（Yuanling Station），位于红岭北路与笋岗路交界处。A口连接八卦一路美食街有着各式美食，B口有园岭新村，D口位于中民时代广场前，是深圳地铁9号线的地下车站。 远期将换乘深圳地铁24号线。
297,粤海门,Yuehaimen,南山区,粤海门站（Yuehaimen Station），位于中国广东省深圳市南山区境内，是深圳市地铁集团有限公司管理运营的地铁车站，也是深圳地铁9号线的途经站点 。粤海门站于2015年9月21日获批建设；于2017年5月15日确定站名；于2019年12月8日投用运营，通行深圳地铁9号线  。据2023年12月深圳地铁官网数据显示，粤海门站共开放4个出入口，运营时间为06:04-23:53；车站为地下三层双柱三跨结构车站 。
298,愉园,Yuyuan station,龙岗区,愉园站是深圳地铁16号线的地铁站点，原名龙岗汽车站，位于深圳市龙岗区位于龙平西路与愉龙路交汇处，沿龙平西路东-西方向设置。车站共设置4个出入口。愉园站是主体科技蓝，即“新居”，主要元素是从坪山客家村的客家围屋中提取半月池融入车站空间，不同的色彩搭配体现不同的文化特征。 该站于2022年12月28日投入运营。 
299,嶂背,Zhangbei,龙岗区,嶂背站（Zhangbei Station），工程名“肿瘤医院站”，位于中国广东省深圳市龙岗区境内，是深圳市地铁集团有限公司运营的地铁车站，也是深圳地铁14号线的中间站 。嶂背站于2021年1月25日完成小里程最后一幅地连墙浇筑；于2022年10月28日投用运营 。据2022年11月深圳地铁官网显示，嶂背站开放2个出入口，工作日运营时间为06:26至次日00:00，休息日运营时间为06:23至次日00:00 ；车站总长度为262米 。
300,圳美,Zhenmei,光明区,圳美站（Zhenmei Station），工程名为“新明医院站”，位于中国广东省深圳市光明区境内，是深圳市地铁集团有限公司管理运营的地铁车站，也是深圳地铁6号线支线的中间站，因位于圳美社区而得名 。圳美站于2017年7月7日获批建设；于2022年4月22日确定站名；于2022年11月28日通行深圳地铁6号线支线 。据2023年8月深圳地铁官网数据，圳美站为地下二层岛式车站，共开放5个出入口，工作日运营时间为06:28至23:34 ；车站主体结构总长度为238.9米，标准段宽度为19.7米，站台宽度为11米。
301,中山公园,Zhongshan Park,南山区,中山公园站（Zhongshan Park Station），位于中国广东省深圳市南山区境内，是深圳市地铁集团有限公司管理运营的地铁车站，也是深圳地铁12号线的中间站，因邻近中山公园而得名 。中山公园站于2017年7月7日获批建设；于2020年8月10日主体结构封顶；于2022年11月28日通行深圳地铁12号线 。据2023年8月深圳地铁官网数据，中山公园站为地下二层岛式车站，共开放4个出入口，工作日运营时间为06:25至23:51 ；车站总建筑面积为18140.84平方米，主体结构长度为246.55米，宽度为23.3米 。
302,钟屋南,Zhongwu South,宝安区,钟屋南站（Zhongwu South Station），工程名为“洲石路站”，位于中国广东省深圳市宝安区境内，是深圳市地铁集团有限公司管理运营的地铁车站，也是深圳地铁12号线的中间站 。钟屋南站于2017年7月获批建设；于2019年8月28日主体结构封顶；于2022年11月28日通行深圳地铁12号线  。据2023年1月深圳地铁官网显示，钟屋南站共开放6个出入口，主体为地下结构，全天运营时间为06:05-次日00:01 。
303,竹村,Zhucun,龙华区,竹村站是中国广东省深圳市境内地铁车站，位于深圳市龙华区观澜大道与翠幽路交叉口，是深圳地铁4号线的一座车站。隶属于港铁轨道交通 ( 深圳 ) 有限公司竹村站于2020年10月28日通车 ，是地下两层车站。车站共计出入口5个。
304,珠光,Zhuguang,南山区,珠光站位于深圳市南山区位龙珠大道与龙珠二路交汇处，为深圳地铁7号线和规划中的深圳地铁29号线的一座车站。隶属于深圳市地铁集团有限公司。珠光站于2016年10月28日投入使用。 该站为地下车站。未来将启用深圳地铁29号线。
305,竹子林,Zhuzilin,福田区,竹子林站（Zhuzilin Station），位于中国广东省深圳市福田区境内，是深圳市地铁集团有限公司管理运营的地铁车站，也是深圳地铁1号线的途经站点 。竹子林站于2004年12月28日通行深圳地铁1号线 ；于2016年8月9日增设自动售票机 。据2023年9月深圳地铁官网数据，竹子林站共开放6个出入口，工作日运营时间为06:00-23:45，休息日运营时间为06:06-23:43，节假日运营时间为06:06-次日00:43 ；车站基坑长214.3米，宽30米，深8至13米 。
306,左炮台东,Zuopaotai East,南山区,左炮台东站（Zuopaotai East Station），工程名为“左炮台站”，位于中国广东省深圳市南山区境内，是深圳市地铁集团有限公司管理运营的地铁车站，也是深圳地铁12号线的南端终点站 。左炮台东站于2017年7月7日获批建设；于2020年12月14日主体结构封顶；于2022年11月28日通行深圳地铁12号线 。据2023年7月深圳地铁官网数据，左炮台东站为地下二层岛式车站，共开放3个出入口，全天运营时间为06:20-次日00:12 ；车站主体结构总长557.3米，标准段外包总宽21.30米，高16.03米，站台宽12米 。
